id,name,sort_name,email,twitter,facebook,group,group_id,area_id,area,chamber,term,start_date,end_date,image,gender,wikidata,wikidata_group,wikidata_area
2ca0b963-d5ec-401f-bb00-e098d80caf10,Adam Tomkins,Adam Tomkins,,,,Conservative,716f311e-eac7-455c-b890-aed7db66b0f5,uk.org.publicwhip/cons/10717,Glasgow,Scottish Parliament,5,2016-05-07,2021-05-05,,,,Q3243587,Q1529479
965b77c8-e03b-45b6-ba3c-a8063c19d603,Aileen Campbell,Aileen Campbell,,,,Scottish National Party,0f64137d-d78d-497f-ba8c-559f8840047c,uk.org.publicwhip/cons/10736,Clydesdale,Scottish Parliament,5,2016-05-07,2021-05-05,,,,Q10658,Q1022403
58e68d1c-ced7-4549-b888-e72172417fc5,Alasdair Allan,Alasdair Allan,Alasdair.Allan.msp@parliament.scot,,,Scottish National Party,0f64137d-d78d-497f-ba8c-559f8840047c,uk.org.publicwhip/cons/10816,Na h-Eileanan an Iar,Scottish Parliament,5,2016-05-07,2021-05-05,http://scottishparliament.thirdlight.com/file/35800892437,,,Q10658,Q1961874
58e68d1c-ced7-4549-b888-e72172417fc5,Alasdair Allan,Alasdair Allan,Alasdair.Allan.msp@parliament.scot,,,Scottish National Party,0f64137d-d78d-497f-ba8c-559f8840047c,uk.org.publicwhip/cons/10816,Na h-Eileanan an Iar,Scottish Parliament,5,2021-05-08,,http://scottishparliament.thirdlight.com/file/35800892437,,,Q10658,Q1961874
57fed160-66a8-4daa-a9fc-0322b40ee898,Alex Cole-Hamilton,Alex Cole-Hamilton,Alex.Cole-Hamilton.msp@parliament.scot,,,Liberal Democrat,d0527c28-097e-48ba-bcb2-fa5a61478f20,uk.org.publicwhip/cons/10815,Edinburgh Western,Scottish Parliament,5,2016-05-07,2021-05-05,http://scottishparliament.thirdlight.com/file/35781571595,,,Q3250438,Q1284768
57fed160-66a8-4daa-a9fc-0322b40ee898,Alex Cole-Hamilton,Alex Cole-Hamilton,Alex.Cole-Hamilton.msp@parliament.scot,,,Liberal Democrat,d0527c28-097e-48ba-bcb2-fa5a61478f20,uk.org.publicwhip/cons/10815,Edinburgh Western,Scottish Parliament,5,2021-05-08,,http://scottishparliament.thirdlight.com/file/35781571595,,,Q3250438,Q1284768
d52ca4e4-8d75-4a95-86c0-b3217da52dfe,Alex Johnstone,Alex Johnstone,,,,Conservative,716f311e-eac7-455c-b890-aed7db66b0f5,uk.org.publicwhip/cons/10721,North East Scotland,Scottish Parliament,5,2016-05-07,2016-12-07,https://upload.wikimedia.org/wikipedia/commons/a/a4/AlexJohnstoneMSP20110509.JPG,male,Q2641395,Q3243587,Q1647853
5f19bd67-41b4-418f-a7a0-667492cea2fa,Alex Neil,Alex Neil,,,,Scottish National Party,0f64137d-d78d-497f-ba8c-559f8840047c,uk.org.publicwhip/cons/10727,Airdrie and Shotts,Scottish Parliament,5,2016-05-07,2021-05-05,https://upload.wikimedia.org/wikipedia/commons/6/69/AlexNeilMSP20110507.jpg,male,Q1515752,Q10658,Q408547
5adf602a-71b3-4501-ae59-0dd754d69f7b,Alex Rowley,Alex Rowley,Alex.Rowley.msp@parliament.scot,,,Labour,8dff8a5d-91be-4b18-bad0-bf082068fe0a,uk.org.publicwhip/cons/10720,Mid Scotland and Fife,Scottish Parliament,5,2016-05-07,2021-05-05,http://scottishparliament.thirdlight.com/file/35786781393,,,Q3179541,Q1931762
5adf602a-71b3-4501-ae59-0dd754d69f7b,Alex Rowley,Alex Rowley,Alex.Rowley.msp@parliament.scot,,,Labour,8dff8a5d-91be-4b18-bad0-bf082068fe0a,uk.org.publicwhip/cons/10720,Mid Scotland and Fife,Scottish Parliament,5,2021-05-08,,http://scottishparliament.thirdlight.com/file/35786781393,,,Q3179541,Q1931762
7fc87b06-dfdd-4f5d-a0e3-056fe0506167,Alexander Burnett,Alexander Burnett,Alexander.Burnett.msp@parliament.scot,,,Conservative,716f311e-eac7-455c-b890-aed7db66b0f5,uk.org.publicwhip/cons/10800,Aberdeenshire West,Scottish Parliament,5,2016-05-07,2021-05-05,http://scottishparliament.thirdlight.com/file/35783688483,,,Q3243587,Q319521
7fc87b06-dfdd-4f5d-a0e3-056fe0506167,Alexander Burnett,Alexander Burnett,Alexander.Burnett.msp@parliament.scot,,,Conservative,716f311e-eac7-455c-b890-aed7db66b0f5,uk.org.publicwhip/cons/10800,Aberdeenshire West,Scottish Parliament,5,2021-05-08,,http://scottishparliament.thirdlight.com/file/35783688483,,,Q3243587,Q319521
c5551922-dbd1-4804-b58d-7a546e84576a,Alexander Stewart,Alexander Stewart,Alexander.Stewart.msp@parliament.scot,,,Conservative,716f311e-eac7-455c-b890-aed7db66b0f5,uk.org.publicwhip/cons/10720,Mid Scotland and Fife,Scottish Parliament,5,2016-05-07,2021-05-05,http://scottishparliament.thirdlight.com/file/35781571135,,,Q3243587,Q1931762
c5551922-dbd1-4804-b58d-7a546e84576a,Alexander Stewart,Alexander Stewart,Alexander.Stewart.msp@parliament.scot,,,Conservative,716f311e-eac7-455c-b890-aed7db66b0f5,uk.org.publicwhip/cons/10720,Mid Scotland and Fife,Scottish Parliament,5,2021-05-08,,http://scottishparliament.thirdlight.com/file/35781571135,,,Q3243587,Q1931762
16e2407b-c800-43b9-a994-fb32c34644a6,Alison Harris,Alison Harris,,,,Conservative,716f311e-eac7-455c-b890-aed7db66b0f5,uk.org.publicwhip/cons/10716,Central Scotland,Scottish Parliament,5,2016-05-07,2021-05-05,,,,Q3243587,Q1053991
35525b2f-6886-4bf1-80c2-b64593253218,Alison Johnstone,Alison Johnstone,Alison.Johnstone.msp@parliament.scot,,,Green,4c73ecf7-1709-4750-ae05-8973c509a11b,uk.org.publicwhip/cons/10836,Lothian,Scottish Parliament,5,2016-05-07,2021-05-05,http://scottishparliament.thirdlight.com/file/35818497919,,,Q1256956,Q1871077
35525b2f-6886-4bf1-80c2-b64593253218,Alison Johnstone,Alison Johnstone,Alison.Johnstone.msp@parliament.scot,,,Green,4c73ecf7-1709-4750-ae05-8973c509a11b,uk.org.publicwhip/cons/10836,Lothian,Scottish Parliament,5,2021-05-08,,http://scottishparliament.thirdlight.com/file/35818497919,,,Q1256956,Q1871077
764119b3-e498-4e4a-b72b-f801c0eaab5b,Anas Sarwar,Anas Sarwar,Anas.Sarwar.msp@parliament.scot,,,Labour,8dff8a5d-91be-4b18-bad0-bf082068fe0a,uk.org.publicwhip/cons/10717,Glasgow,Scottish Parliament,5,2016-05-07,2021-05-05,http://scottishparliament.thirdlight.com/file/35783690447,,,Q3179541,Q1529479
764119b3-e498-4e4a-b72b-f801c0eaab5b,Anas Sarwar,Anas Sarwar,Anas.Sarwar.msp@parliament.scot,,,Labour,8dff8a5d-91be-4b18-bad0-bf082068fe0a,uk.org.publicwhip/cons/10717,Glasgow,Scottish Parliament,5,2021-05-08,,http://scottishparliament.thirdlight.com/file/35783690447,,,Q3179541,Q1529479
1079c664-6e1b-4d2c-8b02-1f2106f1d160,Andy Wightman,Andy Wightman,,,,Green,4c73ecf7-1709-4750-ae05-8973c509a11b,uk.org.publicwhip/cons/10836,Lothian,Scottish Parliament,5,2016-05-07,2020-12-17,,,,Q1256956,Q1871077
1079c664-6e1b-4d2c-8b02-1f2106f1d160,Andy Wightman,Andy Wightman,,,,Independent,96bd4677-497f-4c2a-a80f-384954078b1a,uk.org.publicwhip/cons/10836,Lothian,Scottish Parliament,5,2020-12-18,2021-05-05,,,,Q327591,Q1871077
4132fd63-6f0e-4fb4-9c03-eae020724c5c,Angela Constance,Angela Constance,Angela.Constance.msp@parliament.scot,,,Scottish National Party,0f64137d-d78d-497f-ba8c-559f8840047c,uk.org.publicwhip/cons/10801,Almond Valley,Scottish Parliament,5,2016-05-07,2021-05-05,http://scottishparliament.thirdlight.com/file/35820129812,,,Q10658,Q1589906
4132fd63-6f0e-4fb4-9c03-eae020724c5c,Angela Constance,Angela Constance,Angela.Constance.msp@parliament.scot,,,Scottish National Party,0f64137d-d78d-497f-ba8c-559f8840047c,uk.org.publicwhip/cons/10801,Almond Valley,Scottish Parliament,5,2021-05-08,,http://scottishparliament.thirdlight.com/file/35820129812,,,Q10658,Q1589906
c2384c46-f882-419b-8c9e-79b872e8abe3,Angus MacDonald,Angus MacDonald,,,,Scottish National Party,0f64137d-d78d-497f-ba8c-559f8840047c,uk.org.publicwhip/cons/10756,Falkirk East,Scottish Parliament,5,2016-05-07,2021-05-05,,,,Q10658,Q1394345
f6af21a5-dbf3-49ce-83f9-b9e947fbd492,Angus Robertson,Angus Robertson,,,,Scottish National Party,0f64137d-d78d-497f-ba8c-559f8840047c,uk.org.publicwhip/cons/10750,Edinburgh Central,Scottish Parliament,5,2021-05-08,,,,,Q10658,Q597563
d89b2950-693b-4d5a-b5a6-bd943645748e,Annabelle Ewing,Annabelle Ewing,Annabelle.Ewing.msp@parliament.scot,,,Scottish National Party,0f64137d-d78d-497f-ba8c-559f8840047c,uk.org.publicwhip/cons/10807,Cowdenbeath,Scottish Parliament,5,2016-05-07,2021-05-05,http://scottishparliament.thirdlight.com/file/35960261933,,,Q10658,Q1138189
d89b2950-693b-4d5a-b5a6-bd943645748e,Annabelle Ewing,Annabelle Ewing,Annabelle.Ewing.msp@parliament.scot,,,Scottish National Party,0f64137d-d78d-497f-ba8c-559f8840047c,uk.org.publicwhip/cons/10807,Cowdenbeath,Scottish Parliament,5,2021-05-08,,http://scottishparliament.thirdlight.com/file/35960261933,,,Q10658,Q1138189
88be7c68-18b0-4a55-b6fb-8f7aae9242f0,Annie Wells,Annie Wells,Annie.Wells.msp@parliament.scot,,,Conservative,716f311e-eac7-455c-b890-aed7db66b0f5,uk.org.publicwhip/cons/10717,Glasgow,Scottish Parliament,5,2016-05-07,2021-05-05,http://scottishparliament.thirdlight.com/file/35783686421,,,Q3243587,Q1529479
88be7c68-18b0-4a55-b6fb-8f7aae9242f0,Annie Wells,Annie Wells,Annie.Wells.msp@parliament.scot,,,Conservative,716f311e-eac7-455c-b890-aed7db66b0f5,uk.org.publicwhip/cons/10717,Glasgow,Scottish Parliament,5,2021-05-08,,http://scottishparliament.thirdlight.com/file/35783686421,,,Q3243587,Q1529479
69db602b-bfbd-48fd-b93d-8fa8bc82b6c2,Ariane Burgess,Ariane Burgess,,,,Green,4c73ecf7-1709-4750-ae05-8973c509a11b,uk.org.publicwhip/cons/10718,Highlands and Islands,Scottish Parliament,5,2021-05-08,,,,,Q1256956,Q1549306
9af503f6-1850-4f3d-99b0-2cb955e431ac,Ash Denham,Ash Denham,Ash.Denham.msp@parliament.scot,,,Scottish National Party,0f64137d-d78d-497f-ba8c-559f8840047c,uk.org.publicwhip/cons/10812,Edinburgh Eastern,Scottish Parliament,5,2016-05-07,2021-05-05,http://scottishparliament.thirdlight.com/file/48760196846,,,Q10658,Q1284729
9af503f6-1850-4f3d-99b0-2cb955e431ac,Ash Denham,Ash Denham,Ash.Denham.msp@parliament.scot,,,Scottish National Party,0f64137d-d78d-497f-ba8c-559f8840047c,uk.org.publicwhip/cons/10812,Edinburgh Eastern,Scottish Parliament,5,2021-05-08,,http://scottishparliament.thirdlight.com/file/48760196846,,,Q10658,Q1284729
897761ed-6ce5-4944-83d4-eb864b3614b2,Audrey Nicoll,Audrey Nicoll,,,,Scottish National Party,0f64137d-d78d-497f-ba8c-559f8840047c,uk.org.publicwhip/cons/10798,Aberdeen South and North Kincardine,Scottish Parliament,5,2021-05-08,,,,,Q10658,Q319507
72075a4f-6e18-4599-a400-dbc216905818,Baroness Clark of Kilwinning,Baroness Clark of Kilwinning,,,,Labour,8dff8a5d-91be-4b18-bad0-bf082068fe0a,uk.org.publicwhip/cons/10838,West Scotland,Scottish Parliament,5,2021-05-08,,,,,Q3179541,Q2564353
6f2821eb-6fcf-4a6b-b627-bcf67332e2d7,Beatrice Wishart,Beatrice Wishart,Beatrice.Wishart.msp@parliament.scot,,,Liberal Democrat,d0527c28-097e-48ba-bcb2-fa5a61478f20,uk.org.publicwhip/cons/10790,Shetland Islands,Scottish Parliament,5,2019-08-30,2021-05-05,http://scottishparliament.thirdlight.com/file/56730435752,,,Q3250438,Q2278508
6f2821eb-6fcf-4a6b-b627-bcf67332e2d7,Beatrice Wishart,Beatrice Wishart,Beatrice.Wishart.msp@parliament.scot,,,Liberal Democrat,d0527c28-097e-48ba-bcb2-fa5a61478f20,uk.org.publicwhip/cons/10790,Shetland Islands,Scottish Parliament,5,2021-05-08,,http://scottishparliament.thirdlight.com/file/56730435752,,,Q3250438,Q2278508
c727fbd9-3e5b-4677-b74b-868994a54947,Ben Macpherson,Ben Macpherson,Ben.Macpherson.msp@parliament.scot,,,Scottish National Party,0f64137d-d78d-497f-ba8c-559f8840047c,uk.org.publicwhip/cons/10813,Edinburgh Northern and Leith,Scottish Parliament,5,2016-05-07,2021-05-05,http://scottishparliament.thirdlight.com/file/35783686780,,,Q10658,Q1284756
c727fbd9-3e5b-4677-b74b-868994a54947,Ben Macpherson,Ben Macpherson,Ben.Macpherson.msp@parliament.scot,,,Scottish National Party,0f64137d-d78d-497f-ba8c-559f8840047c,uk.org.publicwhip/cons/10813,Edinburgh Northern and Leith,Scottish Parliament,5,2021-05-08,,http://scottishparliament.thirdlight.com/file/35783686780,,,Q10658,Q1284756
c99fa6ac-0d73-4765-9eff-9513e92b4bec,Bill Bowman,Bill Bowman,,,,Conservative,716f311e-eac7-455c-b890-aed7db66b0f5,uk.org.publicwhip/cons/10721,North East Scotland,Scottish Parliament,5,2016-12-21,2021-05-05,,,,Q3243587,Q1647853
d0f5b474-31fc-4d9c-bcbd-4a3d3882f3e3,Bill Kidd,Bill Kidd,Bill.Kidd.msp@parliament.scot,,,Scottish National Party,0f64137d-d78d-497f-ba8c-559f8840047c,uk.org.publicwhip/cons/10759,Glasgow Anniesland,Scottish Parliament,5,2016-05-07,2021-05-05,http://scottishparliament.thirdlight.com/file/35799134774,,,Q10658,Q1529483
d0f5b474-31fc-4d9c-bcbd-4a3d3882f3e3,Bill Kidd,Bill Kidd,Bill.Kidd.msp@parliament.scot,,,Scottish National Party,0f64137d-d78d-497f-ba8c-559f8840047c,uk.org.publicwhip/cons/10759,Glasgow Anniesland,Scottish Parliament,5,2021-05-08,,http://scottishparliament.thirdlight.com/file/35799134774,,,Q10658,Q1529483
8a3dcdc3-3d69-4fa9-98bb-ac0fd3ba77a2,Bob Doris,Bob Doris,Bob.Doris.msp@parliament.scot,,,Scottish National Party,0f64137d-d78d-497f-ba8c-559f8840047c,uk.org.publicwhip/cons/10819,Glasgow Maryhill and Springburn,Scottish Parliament,5,2016-05-07,2021-05-05,http://scottishparliament.thirdlight.com/file/35820939764,,,Q10658,Q1529515
8a3dcdc3-3d69-4fa9-98bb-ac0fd3ba77a2,Bob Doris,Bob Doris,Bob.Doris.msp@parliament.scot,,,Scottish National Party,0f64137d-d78d-497f-ba8c-559f8840047c,uk.org.publicwhip/cons/10819,Glasgow Maryhill and Springburn,Scottish Parliament,5,2021-05-08,,http://scottishparliament.thirdlight.com/file/35820939764,,,Q10658,Q1529515
48e0fb7f-5a5f-4c75-85f9-015bed1891ba,Brian Whittle,Brian Whittle,Brian.Whittle.msp@parliament.scot,,,Conservative,716f311e-eac7-455c-b890-aed7db66b0f5,uk.org.publicwhip/cons/10837,South Scotland,Scottish Parliament,5,2016-05-07,2021-05-05,http://scottishparliament.thirdlight.com/file/35783688325,,,Q3243587,Q1749544
48e0fb7f-5a5f-4c75-85f9-015bed1891ba,Brian Whittle,Brian Whittle,Brian.Whittle.msp@parliament.scot,,,Conservative,716f311e-eac7-455c-b890-aed7db66b0f5,uk.org.publicwhip/cons/10837,South Scotland,Scottish Parliament,5,2021-05-08,,http://scottishparliament.thirdlight.com/file/35783688325,,,Q3243587,Q1749544
342472da-f023-41be-9680-a235c1988c47,Bruce Crawford,Bruce Crawford,,RHBruceCrawford,,Scottish National Party,0f64137d-d78d-497f-ba8c-559f8840047c,uk.org.publicwhip/cons/10791,Stirling,Scottish Parliament,5,2016-05-07,2021-05-05,https://upload.wikimedia.org/wikipedia/commons/e/eb/BruceCrawfordMSP20110509.JPG,male,Q559391,Q10658,Q2350325
741a4af7-2d4a-461f-8946-b7661b3bc012,Carol Mochan,Carol Mochan,,,,Labour,8dff8a5d-91be-4b18-bad0-bf082068fe0a,uk.org.publicwhip/cons/10837,South Scotland,Scottish Parliament,5,2021-05-08,,,,,Q3179541,Q1749544
8de5b986-89e1-4d44-ac8e-dedfcb7f91ab,Christina McKelvie,Christina McKelvie,Christina.McKelvie.msp@parliament.scot,,,Scottish National Party,0f64137d-d78d-497f-ba8c-559f8840047c,uk.org.publicwhip/cons/10822,"Hamilton, Larkhall and Stonehouse",Scottish Parliament,5,2016-05-07,2021-05-05,http://scottishparliament.thirdlight.com/file/35960260890,,,Q10658,Q1573419
8de5b986-89e1-4d44-ac8e-dedfcb7f91ab,Christina McKelvie,Christina McKelvie,Christina.McKelvie.msp@parliament.scot,,,Scottish National Party,0f64137d-d78d-497f-ba8c-559f8840047c,uk.org.publicwhip/cons/10822,"Hamilton, Larkhall and Stonehouse",Scottish Parliament,5,2021-05-08,,http://scottishparliament.thirdlight.com/file/35960260890,,,Q10658,Q1573419
3a8bff85-5823-4798-9095-f072d6d1483d,Christine Grahame,Christine Grahame,Christine.Grahame.msp@parliament.scot,,,Scottish National Party,0f64137d-d78d-497f-ba8c-559f8840047c,uk.org.publicwhip/cons/10827,"Midlothian South, Tweeddale and Lauderdale",Scottish Parliament,5,2016-05-07,2021-05-05,http://scottishparliament.thirdlight.com/file/35819883370,female,Q467108,Q10658,Q1931997
3a8bff85-5823-4798-9095-f072d6d1483d,Christine Grahame,Christine Grahame,Christine.Grahame.msp@parliament.scot,,,Scottish National Party,0f64137d-d78d-497f-ba8c-559f8840047c,uk.org.publicwhip/cons/10827,"Midlothian South, Tweeddale and Lauderdale",Scottish Parliament,5,2021-05-08,,http://scottishparliament.thirdlight.com/file/35819883370,female,Q467108,Q10658,Q1931997
cdbd5ee1-610c-4069-be9d-6170bf94981f,Claire Baker,Claire Baker,Claire.Baker.msp@parliament.scot,,,Labour,8dff8a5d-91be-4b18-bad0-bf082068fe0a,uk.org.publicwhip/cons/10720,Mid Scotland and Fife,Scottish Parliament,5,2016-05-07,2021-05-05,http://scottishparliament.thirdlight.com/file/49246913874,,,Q3179541,Q1931762
cdbd5ee1-610c-4069-be9d-6170bf94981f,Claire Baker,Claire Baker,Claire.Baker.msp@parliament.scot,,,Labour,8dff8a5d-91be-4b18-bad0-bf082068fe0a,uk.org.publicwhip/cons/10720,Mid Scotland and Fife,Scottish Parliament,5,2021-05-08,,http://scottishparliament.thirdlight.com/file/49246913874,,,Q3179541,Q1931762
cf78a98a-364e-486f-b633-fdef9d1b9636,Clare Adamson,Clare Adamson,Clare.Adamson.msp@parliament.scot,,,Scottish National Party,0f64137d-d78d-497f-ba8c-559f8840047c,uk.org.publicwhip/cons/10780,Motherwell and Wishaw,Scottish Parliament,5,2016-05-07,2021-05-05,http://scottishparliament.thirdlight.com/file/35820938229,,,Q10658,Q1949654
cf78a98a-364e-486f-b633-fdef9d1b9636,Clare Adamson,Clare Adamson,Clare.Adamson.msp@parliament.scot,,,Scottish National Party,0f64137d-d78d-497f-ba8c-559f8840047c,uk.org.publicwhip/cons/10780,Motherwell and Wishaw,Scottish Parliament,5,2021-05-08,,http://scottishparliament.thirdlight.com/file/35820938229,,,Q10658,Q1949654
d6bfedb2-1c84-464c-9053-d61a6e938210,Clare Haughey,Clare Haughey,Clare.Haughey.msp@parliament.scot,,,Scottish National Party,0f64137d-d78d-497f-ba8c-559f8840047c,uk.org.publicwhip/cons/10833,Rutherglen,Scottish Parliament,5,2016-05-07,2021-05-05,http://scottishparliament.thirdlight.com/file/35783687418,,,Q10658,Q2177847
d6bfedb2-1c84-464c-9053-d61a6e938210,Clare Haughey,Clare Haughey,Clare.Haughey.msp@parliament.scot,,,Scottish National Party,0f64137d-d78d-497f-ba8c-559f8840047c,uk.org.publicwhip/cons/10833,Rutherglen,Scottish Parliament,5,2021-05-08,,http://scottishparliament.thirdlight.com/file/35783687418,,,Q10658,Q2177847
00745fc2-756a-40dd-bc5a-6a0a123aa666,Claudia Beamish,Claudia Beamish,,,,Labour,8dff8a5d-91be-4b18-bad0-bf082068fe0a,uk.org.publicwhip/cons/10837,South Scotland,Scottish Parliament,5,2016-05-07,2021-05-05,,,,Q3179541,Q1749544
caf9ff25-41d0-4b6a-8db6-36f678c8c8e3,Colin Beattie,Colin Beattie,Colin.Beattie.msp@parliament.scot,,,Scottish National Party,0f64137d-d78d-497f-ba8c-559f8840047c,uk.org.publicwhip/cons/10826,Midlothian North and Musselburgh,Scottish Parliament,5,2016-05-07,2021-05-05,http://scottishparliament.thirdlight.com/file/38395638303,,,Q10658,Q1932000
caf9ff25-41d0-4b6a-8db6-36f678c8c8e3,Colin Beattie,Colin Beattie,Colin.Beattie.msp@parliament.scot,,,Scottish National Party,0f64137d-d78d-497f-ba8c-559f8840047c,uk.org.publicwhip/cons/10826,Midlothian North and Musselburgh,Scottish Parliament,5,2021-05-08,,http://scottishparliament.thirdlight.com/file/38395638303,,,Q10658,Q1932000
114ccf84-6453-44a7-8ac3-b1a57271291c,Colin Smyth,Colin Smyth,Colin.Smyth.msp@parliament.scot,,,Labour,8dff8a5d-91be-4b18-bad0-bf082068fe0a,uk.org.publicwhip/cons/10837,South Scotland,Scottish Parliament,5,2016-05-07,2021-05-05,http://scottishparliament.thirdlight.com/file/35783688355,,,Q3179541,Q1749544
114ccf84-6453-44a7-8ac3-b1a57271291c,Colin Smyth,Colin Smyth,Colin.Smyth.msp@parliament.scot,,,Labour,8dff8a5d-91be-4b18-bad0-bf082068fe0a,uk.org.publicwhip/cons/10837,South Scotland,Scottish Parliament,5,2021-05-08,,http://scottishparliament.thirdlight.com/file/35783688355,,,Q3179541,Q1749544
e3b7c2a6-e27e-4c42-8bb7-824b40c5983f,Collette Stevenson,Collette Stevenson,,,,Scottish National Party,0f64137d-d78d-497f-ba8c-559f8840047c,uk.org.publicwhip/cons/10747,East Kilbride,Scottish Parliament,5,2021-05-08,,,,,Q10658,Q477746
e57bf02a-6f70-4cd6-b79e-f7efd59e33b6,Craig Hoy,Craig Hoy,,,,Conservative,716f311e-eac7-455c-b890-aed7db66b0f5,uk.org.publicwhip/cons/10837,South Scotland,Scottish Parliament,5,2021-05-08,,,,,Q3243587,Q1749544
cc7bf3a8-e733-4764-abe3-914693d2eed5,Daniel Johnson,Daniel Johnson,Daniel.Johnson.msp@parliament.scot,,,Labour,8dff8a5d-91be-4b18-bad0-bf082068fe0a,uk.org.publicwhip/cons/10814,Edinburgh Southern,Scottish Parliament,5,2016-05-07,2021-05-05,http://scottishparliament.thirdlight.com/file/35820937956,,,Q3179541,Q5338259
cc7bf3a8-e733-4764-abe3-914693d2eed5,Daniel Johnson,Daniel Johnson,Daniel.Johnson.msp@parliament.scot,,,Labour,8dff8a5d-91be-4b18-bad0-bf082068fe0a,uk.org.publicwhip/cons/10814,Edinburgh Southern,Scottish Parliament,5,2021-05-08,,http://scottishparliament.thirdlight.com/file/35820937956,,,Q3179541,Q5338259
1692da32-42e8-4156-87e8-8054ef66ef80,David Stewart,David Stewart,,,,Labour,8dff8a5d-91be-4b18-bad0-bf082068fe0a,uk.org.publicwhip/cons/10718,Highlands and Islands,Scottish Parliament,5,2016-05-07,2021-05-05,,,,Q3179541,Q1549306
a951301e-c6da-4444-9629-ac76f1b7e400,David Torrance,David Torrance,David.Torrance.msp@parliament.scot,,,Scottish National Party,0f64137d-d78d-497f-ba8c-559f8840047c,uk.org.publicwhip/cons/10775,Kirkcaldy,Scottish Parliament,5,2016-05-07,2021-05-05,http://scottishparliament.thirdlight.com/file/35800414488,,,Q10658,Q1392204
a951301e-c6da-4444-9629-ac76f1b7e400,David Torrance,David Torrance,David.Torrance.msp@parliament.scot,,,Scottish National Party,0f64137d-d78d-497f-ba8c-559f8840047c,uk.org.publicwhip/cons/10775,Kirkcaldy,Scottish Parliament,5,2021-05-08,,http://scottishparliament.thirdlight.com/file/35800414488,,,Q10658,Q1392204
ff10e1c4-ee3a-43eb-a136-a07a9af9c701,Dean Lockhart,Dean Lockhart,Dean.Lockhart.msp@parliament.scot,,,Conservative,716f311e-eac7-455c-b890-aed7db66b0f5,uk.org.publicwhip/cons/10720,Mid Scotland and Fife,Scottish Parliament,5,2016-05-07,2021-05-05,http://scottishparliament.thirdlight.com/file/35783688782,,,Q3243587,Q1931762
ff10e1c4-ee3a-43eb-a136-a07a9af9c701,Dean Lockhart,Dean Lockhart,Dean.Lockhart.msp@parliament.scot,,,Conservative,716f311e-eac7-455c-b890-aed7db66b0f5,uk.org.publicwhip/cons/10720,Mid Scotland and Fife,Scottish Parliament,5,2021-05-08,,http://scottishparliament.thirdlight.com/file/35783688782,,,Q3243587,Q1931762
be151673-759a-4521-8357-d0e786efce93,Derek Mackay,Derek Mackay,,,,Scottish National Party,0f64137d-d78d-497f-ba8c-559f8840047c,uk.org.publicwhip/cons/10831,Renfrewshire North and West,Scottish Parliament,5,2016-05-07,2020-02-05,,,,Q10658,Q959590
be151673-759a-4521-8357-d0e786efce93,Derek Mackay,Derek Mackay,,,,Independent,96bd4677-497f-4c2a-a80f-384954078b1a,uk.org.publicwhip/cons/10831,Renfrewshire North and West,Scottish Parliament,5,2020-02-06,2021-05-05,,,,Q327591,Q959590
ca00e8c6-93f1-4fef-b8a3-81f05e4dc13c,Donald Cameron,Donald Cameron,Donald.Cameron.msp@parliament.scot,,,Conservative,716f311e-eac7-455c-b890-aed7db66b0f5,uk.org.publicwhip/cons/10718,Highlands and Islands,Scottish Parliament,5,2016-05-07,2021-05-05,http://scottishparliament.thirdlight.com/file/35786761150,,,Q3243587,Q1549306
ca00e8c6-93f1-4fef-b8a3-81f05e4dc13c,Donald Cameron,Donald Cameron,Donald.Cameron.msp@parliament.scot,,,Conservative,716f311e-eac7-455c-b890-aed7db66b0f5,uk.org.publicwhip/cons/10718,Highlands and Islands,Scottish Parliament,5,2021-05-08,,http://scottishparliament.thirdlight.com/file/35786761150,,,Q3243587,Q1549306
f68cb0ce-6368-4e26-88c0-49bf72ec65c4,Douglas Lumsden,Douglas Lumsden,,,,Conservative,716f311e-eac7-455c-b890-aed7db66b0f5,uk.org.publicwhip/cons/10721,North East Scotland,Scottish Parliament,5,2021-05-08,,,,,Q3243587,Q1647853
a82f486e-40db-4df7-b554-f7de18b26b6a,Douglas Ross,Douglas Ross,Douglas.Ross.msp@parliament.scot,,,Conservative,716f311e-eac7-455c-b890-aed7db66b0f5,uk.org.publicwhip/cons/10718,Highlands and Islands,Scottish Parliament,5,2016-05-07,2017-06-11,http://scottishparliament.thirdlight.com/file/35783687368,,,Q3243587,Q1549306
a82f486e-40db-4df7-b554-f7de18b26b6a,Douglas Ross,Douglas Ross,Douglas.Ross.msp@parliament.scot,,,Conservative,716f311e-eac7-455c-b890-aed7db66b0f5,uk.org.publicwhip/cons/10718,Highlands and Islands,Scottish Parliament,5,2021-05-08,,http://scottishparliament.thirdlight.com/file/35783687368,,,Q3243587,Q1549306
ce6317a5-55c6-4b8f-a218-755467a84cd7,Edward Mountain,Edward Mountain,Edward.Mountain.msp@parliament.scot,,,Conservative,716f311e-eac7-455c-b890-aed7db66b0f5,uk.org.publicwhip/cons/10718,Highlands and Islands,Scottish Parliament,5,2016-05-07,2021-05-05,http://scottishparliament.thirdlight.com/file/46587430194,,,Q3243587,Q1549306
ce6317a5-55c6-4b8f-a218-755467a84cd7,Edward Mountain,Edward Mountain,Edward.Mountain.msp@parliament.scot,,,Conservative,716f311e-eac7-455c-b890-aed7db66b0f5,uk.org.publicwhip/cons/10718,Highlands and Islands,Scottish Parliament,5,2021-05-08,,http://scottishparliament.thirdlight.com/file/46587430194,,,Q3243587,Q1549306
1363a98a-a244-45a0-ac99-1c0dfa2b6b9c,Elaine Smith,Elaine Smith,,elainesmithmsp,,Labour,8dff8a5d-91be-4b18-bad0-bf082068fe0a,uk.org.publicwhip/cons/10716,Central Scotland,Scottish Parliament,5,2016-05-07,2021-05-05,https://upload.wikimedia.org/wikipedia/commons/9/92/ElaineSmithMSPPortrait.jpg,female,Q305347,Q3179541,Q1053991
3d6faf16-9b34-4547-8dc8-3051045fed5f,Elena Whitham,Elena Whitham,,,,Scottish National Party,0f64137d-d78d-497f-ba8c-559f8840047c,uk.org.publicwhip/cons/10733,"Carrick, Cumnock and Doon Valley",Scottish Parliament,5,2021-05-08,,,,,Q10658,Q925833
93c23088-9b0b-4962-bbdb-adee895fa80f,Elizabeth Smith,Elizabeth Smith,Elizabeth.Smith.msp@parliament.scot,,,Conservative,716f311e-eac7-455c-b890-aed7db66b0f5,uk.org.publicwhip/cons/10720,Mid Scotland and Fife,Scottish Parliament,5,2016-05-07,2021-05-05,http://scottishparliament.thirdlight.com/file/35818225410,,,Q3243587,Q1931762
93c23088-9b0b-4962-bbdb-adee895fa80f,Elizabeth Smith,Elizabeth Smith,Elizabeth.Smith.msp@parliament.scot,,,Conservative,716f311e-eac7-455c-b890-aed7db66b0f5,uk.org.publicwhip/cons/10720,Mid Scotland and Fife,Scottish Parliament,5,2021-05-08,,http://scottishparliament.thirdlight.com/file/35818225410,,,Q3243587,Q1931762
22b5768b-7b8b-4e3f-b896-d7c7ae47521c,Emma Harper,Emma Harper,Emma.Harper.msp@parliament.scot,,,Scottish National Party,0f64137d-d78d-497f-ba8c-559f8840047c,uk.org.publicwhip/cons/10837,South Scotland,Scottish Parliament,5,2016-05-07,2021-05-05,http://scottishparliament.thirdlight.com/file/35818497399,,,Q10658,Q1749544
22b5768b-7b8b-4e3f-b896-d7c7ae47521c,Emma Harper,Emma Harper,Emma.Harper.msp@parliament.scot,,,Scottish National Party,0f64137d-d78d-497f-ba8c-559f8840047c,uk.org.publicwhip/cons/10837,South Scotland,Scottish Parliament,5,2021-05-08,,http://scottishparliament.thirdlight.com/file/35818497399,,,Q10658,Q1749544
67a8ae51-c257-418c-b987-608e57b8470a,Emma Roddick,Emma Roddick,,,,Scottish National Party,0f64137d-d78d-497f-ba8c-559f8840047c,uk.org.publicwhip/cons/10718,Highlands and Islands,Scottish Parliament,5,2021-05-08,,,,,Q10658,Q1549306
85309484-984c-4f38-bf47-c59c26c411f1,Evelyn Tweed,Evelyn Tweed,,,,Scottish National Party,0f64137d-d78d-497f-ba8c-559f8840047c,uk.org.publicwhip/cons/10791,Stirling,Scottish Parliament,5,2021-05-08,,,,,Q10658,Q2350325
abfc292b-3ba3-4e1f-98e5-e5b96d8e3de0,Fergus Ewing,Fergus Ewing,Fergus.Ewing.msp@parliament.scot,FergusEwingMSP,,Scottish National Party,0f64137d-d78d-497f-ba8c-559f8840047c,uk.org.publicwhip/cons/10823,Inverness and Nairn,Scottish Parliament,5,2016-05-07,2021-05-05,http://scottishparliament.thirdlight.com/file/35943512647,male,Q559022,Q10658,Q1396337
abfc292b-3ba3-4e1f-98e5-e5b96d8e3de0,Fergus Ewing,Fergus Ewing,Fergus.Ewing.msp@parliament.scot,FergusEwingMSP,,Scottish National Party,0f64137d-d78d-497f-ba8c-559f8840047c,uk.org.publicwhip/cons/10823,Inverness and Nairn,Scottish Parliament,5,2021-05-08,,http://scottishparliament.thirdlight.com/file/35943512647,male,Q559022,Q10658,Q1396337
3285071d-0bba-420d-8173-a521386a60f9,Finlay Carson,Finlay Carson,Finlay.Carson.msp@parliament.scot,,,Conservative,716f311e-eac7-455c-b890-aed7db66b0f5,uk.org.publicwhip/cons/10818,Galloway and West Dumfries,Scottish Parliament,5,2016-05-07,2021-05-05,http://scottishparliament.thirdlight.com/file/40400707229,,,Q3243587,Q1492567
3285071d-0bba-420d-8173-a521386a60f9,Finlay Carson,Finlay Carson,Finlay.Carson.msp@parliament.scot,,,Conservative,716f311e-eac7-455c-b890-aed7db66b0f5,uk.org.publicwhip/cons/10818,Galloway and West Dumfries,Scottish Parliament,5,2021-05-08,,http://scottishparliament.thirdlight.com/file/40400707229,,,Q3243587,Q1492567
d79326a6-0361-434d-aad6-c164cb609d96,Fiona Hyslop,Fiona Hyslop,Fiona.Hyslop.msp@parliament.scot,FionaHyslop,fjhyslop,Scottish National Party,0f64137d-d78d-497f-ba8c-559f8840047c,uk.org.publicwhip/cons/10776,Linlithgow,Scottish Parliament,5,2016-05-07,2021-05-05,http://scottishparliament.thirdlight.com/file/35855660228,female,Q1418512,Q10658,Q1569402
d79326a6-0361-434d-aad6-c164cb609d96,Fiona Hyslop,Fiona Hyslop,Fiona.Hyslop.msp@parliament.scot,FionaHyslop,fjhyslop,Scottish National Party,0f64137d-d78d-497f-ba8c-559f8840047c,uk.org.publicwhip/cons/10776,Linlithgow,Scottish Parliament,5,2021-05-08,,http://scottishparliament.thirdlight.com/file/35855660228,female,Q1418512,Q10658,Q1569402
f458bb25-27fb-49dc-96f4-8fa9390232a9,Foysol Choudhury,Foysol Choudhury,,,,Labour,8dff8a5d-91be-4b18-bad0-bf082068fe0a,uk.org.publicwhip/cons/10836,Lothian,Scottish Parliament,5,2021-05-08,,,,,Q3179541,Q1871077
f09fe6a3-9acd-443f-94d1-4ca629bb8895,Fulton MacGregor,Fulton MacGregor,Fulton.MacGregor.msp@parliament.scot,,,Scottish National Party,0f64137d-d78d-497f-ba8c-559f8840047c,uk.org.publicwhip/cons/10737,Coatbridge and Chryston,Scottish Parliament,5,2016-05-07,2021-05-05,http://scottishparliament.thirdlight.com/file/35783689308,,,Q10658,Q1104440
f09fe6a3-9acd-443f-94d1-4ca629bb8895,Fulton MacGregor,Fulton MacGregor,Fulton.MacGregor.msp@parliament.scot,,,Scottish National Party,0f64137d-d78d-497f-ba8c-559f8840047c,uk.org.publicwhip/cons/10737,Coatbridge and Chryston,Scottish Parliament,5,2021-05-08,,http://scottishparliament.thirdlight.com/file/35783689308,,,Q10658,Q1104440
f7b75aa6-aeda-4cbd-b6ae-746a49fcdb68,Gail Ross,Gail Ross,,,,Scottish National Party,0f64137d-d78d-497f-ba8c-559f8840047c,uk.org.publicwhip/cons/10805,"Caithness, Sutherland and Ross",Scottish Parliament,5,2016-05-07,2021-05-05,,,,Q10658,Q1026011
6b7c28f3-3e40-4568-a5f5-aabfcced3540,George Adam,George Adam,George.Adam.msp@parliament.scot,,,Scottish National Party,0f64137d-d78d-497f-ba8c-559f8840047c,uk.org.publicwhip/cons/10828,Paisley,Scottish Parliament,5,2016-05-07,2021-05-05,http://scottishparliament.thirdlight.com/file/35820937738,,,Q10658,Q2046519
6b7c28f3-3e40-4568-a5f5-aabfcced3540,George Adam,George Adam,George.Adam.msp@parliament.scot,,,Scottish National Party,0f64137d-d78d-497f-ba8c-559f8840047c,uk.org.publicwhip/cons/10828,Paisley,Scottish Parliament,5,2021-05-08,,http://scottishparliament.thirdlight.com/file/35820937738,,,Q10658,Q2046519
bd9bf0e9-2b0c-4140-82e8-a784cbe36ca0,Gil Paterson,Gil Paterson,,GilMPaterson,,Scottish National Party,0f64137d-d78d-497f-ba8c-559f8840047c,uk.org.publicwhip/cons/10735,Clydebank and Milngavie,Scottish Parliament,5,2016-05-07,2021-05-05,https://upload.wikimedia.org/wikipedia/commons/7/77/GilPatersonMSP20110510.JPG,male,Q200615,Q10658,Q1103746
3d39b9eb-f83e-4cb9-94f3-54ed3281f39c,Gillian Mackay,Gillian Mackay,,,,Green,4c73ecf7-1709-4750-ae05-8973c509a11b,uk.org.publicwhip/cons/10716,Central Scotland,Scottish Parliament,5,2021-05-08,,,,,Q1256956,Q1053991
7993467b-bf8e-4bfe-a3c9-42cdd4770f51,Gillian Martin,Gillian Martin,Gillian.Martin.msp@parliament.scot,,,Scottish National Party,0f64137d-d78d-497f-ba8c-559f8840047c,uk.org.publicwhip/cons/10799,Aberdeenshire East,Scottish Parliament,5,2016-05-07,2021-05-05,http://scottishparliament.thirdlight.com/file/44304964199,,,Q10658,Q319516
7993467b-bf8e-4bfe-a3c9-42cdd4770f51,Gillian Martin,Gillian Martin,Gillian.Martin.msp@parliament.scot,,,Scottish National Party,0f64137d-d78d-497f-ba8c-559f8840047c,uk.org.publicwhip/cons/10799,Aberdeenshire East,Scottish Parliament,5,2021-05-08,,http://scottishparliament.thirdlight.com/file/44304964199,,,Q10658,Q319516
725cf566-26ca-492a-8880-d455cab6a9b8,Gordon Lindhurst,Gordon Lindhurst,,,,Conservative,716f311e-eac7-455c-b890-aed7db66b0f5,uk.org.publicwhip/cons/10836,Lothian,Scottish Parliament,5,2016-05-07,2021-05-05,,,,Q3243587,Q1871077
c99604f8-3b36-441e-ba7f-629dd1dda508,Gordon MacDonald,Gordon MacDonald,Gordon.MacDonald.msp@parliament.scot,,,Scottish National Party,0f64137d-d78d-497f-ba8c-559f8840047c,uk.org.publicwhip/cons/10753,Edinburgh Pentlands,Scottish Parliament,5,2016-05-07,2021-05-05,http://scottishparliament.thirdlight.com/file/35817741458,,,Q10658,Q1284757
c99604f8-3b36-441e-ba7f-629dd1dda508,Gordon MacDonald,Gordon MacDonald,Gordon.MacDonald.msp@parliament.scot,,,Scottish National Party,0f64137d-d78d-497f-ba8c-559f8840047c,uk.org.publicwhip/cons/10753,Edinburgh Pentlands,Scottish Parliament,5,2021-05-08,,http://scottishparliament.thirdlight.com/file/35817741458,,,Q10658,Q1284757
43ea967f-4eab-4479-8fb2-4b5eb85c84fc,Graeme Dey,Graeme Dey,Graeme.Dey.msp@parliament.scot,,,Scottish National Party,0f64137d-d78d-497f-ba8c-559f8840047c,uk.org.publicwhip/cons/10803,Angus South,Scottish Parliament,5,2016-05-07,2021-05-05,http://scottishparliament.thirdlight.com/file/35802798381,,,Q10658,Q544610
43ea967f-4eab-4479-8fb2-4b5eb85c84fc,Graeme Dey,Graeme Dey,Graeme.Dey.msp@parliament.scot,,,Scottish National Party,0f64137d-d78d-497f-ba8c-559f8840047c,uk.org.publicwhip/cons/10803,Angus South,Scottish Parliament,5,2021-05-08,,http://scottishparliament.thirdlight.com/file/35802798381,,,Q10658,Q544610
6465d8c8-9d25-482e-ac4f-471e7abbed06,Graham Simpson,Graham Simpson,Graham.Simpson.msp@parliament.scot,,,Conservative,716f311e-eac7-455c-b890-aed7db66b0f5,uk.org.publicwhip/cons/10716,Central Scotland,Scottish Parliament,5,2016-05-07,2021-05-05,http://scottishparliament.thirdlight.com/file/35783686696,,,Q3243587,Q1053991
6465d8c8-9d25-482e-ac4f-471e7abbed06,Graham Simpson,Graham Simpson,Graham.Simpson.msp@parliament.scot,,,Conservative,716f311e-eac7-455c-b890-aed7db66b0f5,uk.org.publicwhip/cons/10716,Central Scotland,Scottish Parliament,5,2021-05-08,,http://scottishparliament.thirdlight.com/file/35783686696,,,Q3243587,Q1053991
52b9a3fa-78ca-41da-ba4d-f070617e5a7d,Humza Yousaf,Humza Yousaf,Humza.Yousaf.msp@parliament.scot,,,Scottish National Party,0f64137d-d78d-497f-ba8c-559f8840047c,uk.org.publicwhip/cons/10765,Glasgow Pollok,Scottish Parliament,5,2016-05-07,2021-05-05,http://scottishparliament.thirdlight.com/file/35922512428,,,Q10658,Q1529523
52b9a3fa-78ca-41da-ba4d-f070617e5a7d,Humza Yousaf,Humza Yousaf,Humza.Yousaf.msp@parliament.scot,,,Scottish National Party,0f64137d-d78d-497f-ba8c-559f8840047c,uk.org.publicwhip/cons/10765,Glasgow Pollok,Scottish Parliament,5,2021-05-08,,http://scottishparliament.thirdlight.com/file/35922512428,,,Q10658,Q1529523
7c69fa48-ae9f-4e10-879e-8d3a1d4261d5,Iain Gray,Iain Gray,,IainGrayMSP,,Labour,8dff8a5d-91be-4b18-bad0-bf082068fe0a,uk.org.publicwhip/cons/10748,East Lothian,Scottish Parliament,5,2016-05-07,2021-05-05,https://upload.wikimedia.org/wikipedia/commons/4/4e/IainGray2009_(cropped).jpg,male,Q1421398,Q3179541,Q1277940
d25820f4-bacf-4f6e-8193-9153c82c08fb,Ivan McKee,Ivan McKee,Ivan.McKee.msp@parliament.scot,,,Scottish National Party,0f64137d-d78d-497f-ba8c-559f8840047c,uk.org.publicwhip/cons/10820,Glasgow Provan,Scottish Parliament,5,2016-05-07,2021-05-05,http://scottishparliament.thirdlight.com/file/35783688223,,,Q10658,Q1529525
d25820f4-bacf-4f6e-8193-9153c82c08fb,Ivan McKee,Ivan McKee,Ivan.McKee.msp@parliament.scot,,,Scottish National Party,0f64137d-d78d-497f-ba8c-559f8840047c,uk.org.publicwhip/cons/10820,Glasgow Provan,Scottish Parliament,5,2021-05-08,,http://scottishparliament.thirdlight.com/file/35783688223,,,Q10658,Q1529525
c4fc08a0-44c3-4f11-86df-ea7a0aa8e136,Jackie Baillie,Jackie Baillie,Jackie.Baillie.msp@parliament.scot,jackiebmsp,,Labour,8dff8a5d-91be-4b18-bad0-bf082068fe0a,uk.org.publicwhip/cons/10741,Dumbarton,Scottish Parliament,5,2016-05-07,2021-05-05,http://scottishparliament.thirdlight.com/file/35855660953,female,Q544729,Q3179541,Q1719129
c4fc08a0-44c3-4f11-86df-ea7a0aa8e136,Jackie Baillie,Jackie Baillie,Jackie.Baillie.msp@parliament.scot,jackiebmsp,,Labour,8dff8a5d-91be-4b18-bad0-bf082068fe0a,uk.org.publicwhip/cons/10741,Dumbarton,Scottish Parliament,5,2021-05-08,,http://scottishparliament.thirdlight.com/file/35855660953,female,Q544729,Q3179541,Q1719129
ab53358f-96d6-4e28-9439-8f9d872e8903,Jackie Dunbar,Jackie Dunbar,,,,Scottish National Party,0f64137d-d78d-497f-ba8c-559f8840047c,uk.org.publicwhip/cons/10797,Aberdeen Donside,Scottish Parliament,5,2021-05-08,,,,,Q10658,Q319480
10bdc96e-efd0-41f4-b439-01dc0adcffeb,Jackson Carlaw,Jackson Carlaw,Jackson.Carlaw.msp@parliament.scot,,,Conservative,716f311e-eac7-455c-b890-aed7db66b0f5,uk.org.publicwhip/cons/10749,Eastwood,Scottish Parliament,5,2016-05-07,2021-05-05,http://scottishparliament.thirdlight.com/file/35799295215,,,Q3243587,Q1278307
10bdc96e-efd0-41f4-b439-01dc0adcffeb,Jackson Carlaw,Jackson Carlaw,Jackson.Carlaw.msp@parliament.scot,,,Conservative,716f311e-eac7-455c-b890-aed7db66b0f5,uk.org.publicwhip/cons/10749,Eastwood,Scottish Parliament,5,2021-05-08,,http://scottishparliament.thirdlight.com/file/35799295215,,,Q3243587,Q1278307
06294838-1735-4ce9-b3b4-b78c350f6620,James Dornan,James Dornan,James.Dornan.msp@parliament.scot,,,Scottish National Party,0f64137d-d78d-497f-ba8c-559f8840047c,uk.org.publicwhip/cons/10761,Glasgow Cathcart,Scottish Parliament,5,2016-05-07,2021-05-05,http://scottishparliament.thirdlight.com/file/35942003780,,,Q10658,Q1458360
06294838-1735-4ce9-b3b4-b78c350f6620,James Dornan,James Dornan,James.Dornan.msp@parliament.scot,,,Scottish National Party,0f64137d-d78d-497f-ba8c-559f8840047c,uk.org.publicwhip/cons/10761,Glasgow Cathcart,Scottish Parliament,5,2021-05-08,,http://scottishparliament.thirdlight.com/file/35942003780,,,Q10658,Q1458360
3f4bb8f0-3f19-4048-a62d-02e28926962c,James Kelly,James Kelly,,,,Labour,8dff8a5d-91be-4b18-bad0-bf082068fe0a,uk.org.publicwhip/cons/10717,Glasgow,Scottish Parliament,5,2016-05-07,2021-05-05,,,,Q3179541,Q1529479
fd6c2fca-54ac-4a63-90e2-f56b74033737,Jamie Greene,Jamie Greene,Jamie.Greene.msp@parliament.scot,,,Conservative,716f311e-eac7-455c-b890-aed7db66b0f5,uk.org.publicwhip/cons/10838,West Scotland,Scottish Parliament,5,2016-05-07,2021-05-05,http://scottishparliament.thirdlight.com/file/35681770981,,,Q3243587,Q2564353
fd6c2fca-54ac-4a63-90e2-f56b74033737,Jamie Greene,Jamie Greene,Jamie.Greene.msp@parliament.scot,,,Conservative,716f311e-eac7-455c-b890-aed7db66b0f5,uk.org.publicwhip/cons/10838,West Scotland,Scottish Parliament,5,2021-05-08,,http://scottishparliament.thirdlight.com/file/35681770981,,,Q3243587,Q2564353
6c23b571-3c7f-47d3-a8ad-a4efd37cabec,Jamie Halcro Johnston,Jamie Halcro Johnston,Jamie.HalcroJohnston.msp@parliament.scot,,,Conservative,716f311e-eac7-455c-b890-aed7db66b0f5,uk.org.publicwhip/cons/10718,Highlands and Islands,Scottish Parliament,5,2017-06-20,2021-05-05,http://scottishparliament.thirdlight.com/file/44183378552,,,Q3243587,Q1549306
6c23b571-3c7f-47d3-a8ad-a4efd37cabec,Jamie Halcro Johnston,Jamie Halcro Johnston,Jamie.HalcroJohnston.msp@parliament.scot,,,Conservative,716f311e-eac7-455c-b890-aed7db66b0f5,uk.org.publicwhip/cons/10718,Highlands and Islands,Scottish Parliament,5,2021-05-08,,http://scottishparliament.thirdlight.com/file/44183378552,,,Q3243587,Q1549306
1ac34a75-26d0-4fb0-930f-66ea44505bbf,Jamie Hepburn,Jamie Hepburn,Jamie.Hepburn.msp@parliament.scot,,,Scottish National Party,0f64137d-d78d-497f-ba8c-559f8840047c,uk.org.publicwhip/cons/10738,Cumbernauld and Kilsyth,Scottish Parliament,5,2016-05-07,2021-05-05,http://scottishparliament.thirdlight.com/file/35820938486,,,Q10658,Q1143732
1ac34a75-26d0-4fb0-930f-66ea44505bbf,Jamie Hepburn,Jamie Hepburn,Jamie.Hepburn.msp@parliament.scot,,,Scottish National Party,0f64137d-d78d-497f-ba8c-559f8840047c,uk.org.publicwhip/cons/10738,Cumbernauld and Kilsyth,Scottish Parliament,5,2021-05-08,,http://scottishparliament.thirdlight.com/file/35820938486,,,Q10658,Q1143732
c03f5e1d-3b77-4358-b595-eceb462f96f9,Jeane Freeman,Jeane Freeman,,,,Scottish National Party,0f64137d-d78d-497f-ba8c-559f8840047c,uk.org.publicwhip/cons/10733,"Carrick, Cumnock and Doon Valley",Scottish Parliament,5,2016-05-07,2021-05-05,,,,Q10658,Q925833
89645cc9-3760-4577-9438-6f24cb52cd60,Jenni Minto,Jenni Minto,,,,Scottish National Party,0f64137d-d78d-497f-ba8c-559f8840047c,uk.org.publicwhip/cons/10729,Argyll and Bute,Scottish Parliament,5,2021-05-08,,,,,Q10658,Q652587
4c31a72f-4dab-458e-8963-f7f5b7f93b49,Jenny Gilruth,Jenny Gilruth,Jenny.Gilruth.msp@parliament.scot,,,Scottish National Party,0f64137d-d78d-497f-ba8c-559f8840047c,uk.org.publicwhip/cons/10825,Mid Fife and Glenrothes,Scottish Parliament,5,2016-05-07,2021-05-05,https://scottishparliament.thirdlight.com/file/37911815221,,,Q10658,Q999244
4c31a72f-4dab-458e-8963-f7f5b7f93b49,Jenny Gilruth,Jenny Gilruth,Jenny.Gilruth.msp@parliament.scot,,,Scottish National Party,0f64137d-d78d-497f-ba8c-559f8840047c,uk.org.publicwhip/cons/10825,Mid Fife and Glenrothes,Scottish Parliament,5,2021-05-08,,https://scottishparliament.thirdlight.com/file/37911815221,,,Q10658,Q999244
ae562b7e-778c-4609-991b-5152847a733e,Jenny Marra,Jenny Marra,,,,Labour,8dff8a5d-91be-4b18-bad0-bf082068fe0a,uk.org.publicwhip/cons/10721,North East Scotland,Scottish Parliament,5,2016-05-07,2021-05-05,,,,Q3179541,Q1647853
92236e8c-1819-4e31-9004-a88b3da2065d,Jeremy Balfour,Jeremy Balfour,Jeremy.Balfour.msp@parliament.scot,,,Conservative,716f311e-eac7-455c-b890-aed7db66b0f5,uk.org.publicwhip/cons/10836,Lothian,Scottish Parliament,5,2016-05-07,2021-05-05,http://scottishparliament.thirdlight.com/file/35783688260,,,Q3243587,Q1871077
92236e8c-1819-4e31-9004-a88b3da2065d,Jeremy Balfour,Jeremy Balfour,Jeremy.Balfour.msp@parliament.scot,,,Conservative,716f311e-eac7-455c-b890-aed7db66b0f5,uk.org.publicwhip/cons/10836,Lothian,Scottish Parliament,5,2021-05-08,,http://scottishparliament.thirdlight.com/file/35783688260,,,Q3243587,Q1871077
c77709ff-6e0c-4619-9353-0904d28cb75f,Jim Fairlie,Jim Fairlie,,,,Scottish National Party,0f64137d-d78d-497f-ba8c-559f8840047c,uk.org.publicwhip/cons/10830,Perthshire South and Kinross-shire,Scottish Parliament,5,2021-05-08,,,,,Q10658,Q1512696
e3a2f111-07f8-41bc-92fb-7864c2695f36,Joan McAlpine,Joan McAlpine,,,,Scottish National Party,0f64137d-d78d-497f-ba8c-559f8840047c,uk.org.publicwhip/cons/10837,South Scotland,Scottish Parliament,5,2016-05-07,2021-05-05,,,,Q10658,Q1749544
02923b46-f8f9-42f5-8b81-911a7213b0a9,Joe FitzPatrick,Joe FitzPatrick,Joe.Fitzpatrick.msp@parliament.scot,,,Scottish National Party,0f64137d-d78d-497f-ba8c-559f8840047c,uk.org.publicwhip/cons/10810,Dundee City West,Scottish Parliament,5,2016-05-07,2021-05-05,http://scottishparliament.thirdlight.com/file/35800493586,,,Q10658,Q1265524
02923b46-f8f9-42f5-8b81-911a7213b0a9,Joe FitzPatrick,Joe FitzPatrick,Joe.Fitzpatrick.msp@parliament.scot,,,Scottish National Party,0f64137d-d78d-497f-ba8c-559f8840047c,uk.org.publicwhip/cons/10810,Dundee City West,Scottish Parliament,5,2021-05-08,,http://scottishparliament.thirdlight.com/file/35800493586,,,Q10658,Q1265524
e3021cce-3594-4a15-992f-1d9b9bcd682b,Johann Lamont,Johann Lamont,,JohannLamont,,Labour,8dff8a5d-91be-4b18-bad0-bf082068fe0a,uk.org.publicwhip/cons/10717,Glasgow,Scottish Parliament,5,2016-05-07,2021-05-05,https://upload.wikimedia.org/wikipedia/commons/f/fc/Johann_Lamont_2019.png,female,Q544698,Q3179541,Q1529479
6876982d-58bf-4a50-bb02-3d0cf9910e95,John Finnie,John Finnie,,,,Green,4c73ecf7-1709-4750-ae05-8973c509a11b,uk.org.publicwhip/cons/10718,Highlands and Islands,Scottish Parliament,5,2016-05-07,2021-05-05,,,,Q1256956,Q1549306
41be3940-b0e3-46df-a8a8-51924b30e584,John Lamont,John Lamont,,,,Conservative,716f311e-eac7-455c-b890-aed7db66b0f5,uk.org.publicwhip/cons/10817,"Ettrick, Roxburgh and Berwickshire",Scottish Parliament,5,2016-05-07,2017-05-04,,,,Q3243587,Q1371899
82f98661-00de-439d-821c-66604ec904ff,John Mason,John Mason,John.Mason.msp@parliament.scot,,,Scottish National Party,0f64137d-d78d-497f-ba8c-559f8840047c,uk.org.publicwhip/cons/10767,Glasgow Shettleston,Scottish Parliament,5,2016-05-07,2021-05-05,http://scottishparliament.thirdlight.com/file/35820937486,,,Q10658,Q1529535
82f98661-00de-439d-821c-66604ec904ff,John Mason,John Mason,John.Mason.msp@parliament.scot,,,Scottish National Party,0f64137d-d78d-497f-ba8c-559f8840047c,uk.org.publicwhip/cons/10767,Glasgow Shettleston,Scottish Parliament,5,2021-05-08,,http://scottishparliament.thirdlight.com/file/35820937486,,,Q10658,Q1529535
b8647d1a-7ed2-4ef0-ba23-439370f1748b,John Scott,John Scott,,,,Conservative,716f311e-eac7-455c-b890-aed7db66b0f5,uk.org.publicwhip/cons/10730,Ayr,Scottish Parliament,5,2016-05-07,2021-05-05,https://upload.wikimedia.org/wikipedia/commons/6/64/JohnScottMSP20110509.JPG,male,Q1701702,Q3243587,Q793213
251250ac-4520-4eed-bf39-05eb127e487e,John Swinney,John Swinney,John.Swinney.msp@parliament.scot,JohnSwinney,,Scottish National Party,0f64137d-d78d-497f-ba8c-559f8840047c,uk.org.publicwhip/cons/10829,Perthshire North,Scottish Parliament,5,2016-05-07,2021-05-05,http://scottishparliament.thirdlight.com/file/35943496226,male,Q333811,Q10658,Q124813
251250ac-4520-4eed-bf39-05eb127e487e,John Swinney,John Swinney,John.Swinney.msp@parliament.scot,JohnSwinney,,Scottish National Party,0f64137d-d78d-497f-ba8c-559f8840047c,uk.org.publicwhip/cons/10829,Perthshire North,Scottish Parliament,5,2021-05-08,,http://scottishparliament.thirdlight.com/file/35943496226,male,Q333811,Q10658,Q124813
94dc3920-5d64-4330-9fcf-8b5b96ed9f7e,Karen Adam,Karen Adam,,,,Scottish National Party,0f64137d-d78d-497f-ba8c-559f8840047c,uk.org.publicwhip/cons/10804,Banffshire and Buchan Coast,Scottish Parliament,5,2021-05-08,,,,,Q10658,Q806431
671519f2-e977-4320-865a-15440802450d,Kate Forbes,Kate Forbes,Kate.Forbes.msp@parliament.scot,,,Scottish National Party,0f64137d-d78d-497f-ba8c-559f8840047c,uk.org.publicwhip/cons/10834,"Skye, Lochaber and Badenoch",Scottish Parliament,5,2016-05-07,2021-05-05,http://scottishparliament.thirdlight.com/file/35942002221,,,Q10658,Q2293327
671519f2-e977-4320-865a-15440802450d,Kate Forbes,Kate Forbes,Kate.Forbes.msp@parliament.scot,,,Scottish National Party,0f64137d-d78d-497f-ba8c-559f8840047c,uk.org.publicwhip/cons/10834,"Skye, Lochaber and Badenoch",Scottish Parliament,5,2021-05-08,,http://scottishparliament.thirdlight.com/file/35942002221,,,Q10658,Q2293327
d8d18fc6-1bf1-481c-92b7-638334c5cfcd,Kaukab Stewart,Kaukab Stewart,,,,Scottish National Party,0f64137d-d78d-497f-ba8c-559f8840047c,uk.org.publicwhip/cons/10763,Glasgow Kelvin,Scottish Parliament,5,2021-05-08,,,,,Q10658,Q1529510
22d0a5fd-ce1b-47db-bc9b-8510bd142583,Keith Brown,Keith Brown,Keith.Brown.msp@parliament.scot,,,Scottish National Party,0f64137d-d78d-497f-ba8c-559f8840047c,uk.org.publicwhip/cons/10806,Clackmannanshire and Dunblane,Scottish Parliament,5,2016-05-07,2021-05-05,http://scottishparliament.thirdlight.com/file/35960260789,,,Q10658,Q1094628
22d0a5fd-ce1b-47db-bc9b-8510bd142583,Keith Brown,Keith Brown,Keith.Brown.msp@parliament.scot,,,Scottish National Party,0f64137d-d78d-497f-ba8c-559f8840047c,uk.org.publicwhip/cons/10806,Clackmannanshire and Dunblane,Scottish Parliament,5,2021-05-08,,http://scottishparliament.thirdlight.com/file/35960260789,,,Q10658,Q1094628
9fea58e5-c5b9-45ba-bc02-81d6a2eea878,Kenneth Gibson,Kenneth Gibson,Kenneth.Gibson.msp@parliament.scot,,,Scottish National Party,0f64137d-d78d-497f-ba8c-559f8840047c,uk.org.publicwhip/cons/10739,Cunninghame North,Scottish Parliament,5,2016-05-07,2021-05-05,http://scottishparliament.thirdlight.com/file/35855484389,male,Q944741,Q10658,Q1144044
9fea58e5-c5b9-45ba-bc02-81d6a2eea878,Kenneth Gibson,Kenneth Gibson,Kenneth.Gibson.msp@parliament.scot,,,Scottish National Party,0f64137d-d78d-497f-ba8c-559f8840047c,uk.org.publicwhip/cons/10739,Cunninghame North,Scottish Parliament,5,2021-05-08,,http://scottishparliament.thirdlight.com/file/35855484389,male,Q944741,Q10658,Q1144044
1b456bf4-58d1-47cd-93bd-038d277a43a7,Kenneth Macintosh,Kenneth Macintosh,,KenMacintoshMSP,,Labour,8dff8a5d-91be-4b18-bad0-bf082068fe0a,uk.org.publicwhip/cons/10838,West Scotland,Scottish Parliament,5,2016-05-07,2021-05-05,https://upload.wikimedia.org/wikipedia/commons/5/5e/Ken_Macintosh_2021.jpg,male,Q1738887,Q3179541,Q2564353
7d51a021-9a0f-4946-8efa-a04df4ea26fa,Kevin Stewart,Kevin Stewart,Kevin.Stewart.msp@parliament.scot,,,Scottish National Party,0f64137d-d78d-497f-ba8c-559f8840047c,uk.org.publicwhip/cons/10724,Aberdeen Central,Scottish Parliament,5,2016-05-07,2021-05-05,http://scottishparliament.thirdlight.com/file/35818497490,,,Q10658,Q319474
7d51a021-9a0f-4946-8efa-a04df4ea26fa,Kevin Stewart,Kevin Stewart,Kevin.Stewart.msp@parliament.scot,,,Scottish National Party,0f64137d-d78d-497f-ba8c-559f8840047c,uk.org.publicwhip/cons/10724,Aberdeen Central,Scottish Parliament,5,2021-05-08,,http://scottishparliament.thirdlight.com/file/35818497490,,,Q10658,Q319474
0671d650-c438-4488-bbca-43626d7e21ce,Kezia Dugdale,Kezia Dugdale,,,,Labour,8dff8a5d-91be-4b18-bad0-bf082068fe0a,uk.org.publicwhip/cons/10836,Lothian,Scottish Parliament,5,2016-05-07,2019-07-15,http://scottishparliament.thirdlight.com/file/35781781656,,,Q3179541,Q1871077
839fc014-ff44-4351-b8e8-c4dfa6bd3893,Lewis Macdonald,Lewis Macdonald,,LewisMacdMSP,,Labour,8dff8a5d-91be-4b18-bad0-bf082068fe0a,uk.org.publicwhip/cons/10721,North East Scotland,Scottish Parliament,5,2016-05-07,2021-05-05,https://upload.wikimedia.org/wikipedia/commons/f/f0/LewisMacdonaldMSP20110510.JPG,male,Q1822125,Q3179541,Q1647853
7584943f-49bd-43a6-9370-6f5c99879f3b,Liam Kerr,Liam Kerr,Liam.Kerr.msp@parliament.scot,,,Conservative,716f311e-eac7-455c-b890-aed7db66b0f5,uk.org.publicwhip/cons/10721,North East Scotland,Scottish Parliament,5,2016-05-07,2021-05-05,http://scottishparliament.thirdlight.com/file/35783687854,,,Q3243587,Q1647853
7584943f-49bd-43a6-9370-6f5c99879f3b,Liam Kerr,Liam Kerr,Liam.Kerr.msp@parliament.scot,,,Conservative,716f311e-eac7-455c-b890-aed7db66b0f5,uk.org.publicwhip/cons/10721,North East Scotland,Scottish Parliament,5,2021-05-08,,http://scottishparliament.thirdlight.com/file/35783687854,,,Q3243587,Q1647853
09685427-5ccd-4914-9509-fd4f0fea7147,Liam McArthur,Liam McArthur,Liam.McArthur.msp@parliament.scot,,,Liberal Democrat,d0527c28-097e-48ba-bcb2-fa5a61478f20,uk.org.publicwhip/cons/10784,Orkney Islands,Scottish Parliament,5,2016-05-07,2021-05-05,http://scottishparliament.thirdlight.com/file/35855661618,,,Q3250438,Q1248274
09685427-5ccd-4914-9509-fd4f0fea7147,Liam McArthur,Liam McArthur,Liam.McArthur.msp@parliament.scot,,,Liberal Democrat,d0527c28-097e-48ba-bcb2-fa5a61478f20,uk.org.publicwhip/cons/10784,Orkney Islands,Scottish Parliament,5,2021-05-08,,http://scottishparliament.thirdlight.com/file/35855661618,,,Q3250438,Q1248274
5c0a7182-5ae0-4412-b959-f5cdc3b6b093,Linda Fabiani,Linda Fabiani,,LindaFabianiSNP,,Scottish National Party,0f64137d-d78d-497f-ba8c-559f8840047c,uk.org.publicwhip/cons/10747,East Kilbride,Scottish Parliament,5,2016-05-07,2021-05-05,https://upload.wikimedia.org/wikipedia/commons/5/51/Linda_Fabiani.jpg,female,Q467097,Q10658,Q477746
abf1b66c-49ac-4d02-8673-7e196f98181a,Lorna Slater,Lorna Slater,,,,Green,4c73ecf7-1709-4750-ae05-8973c509a11b,uk.org.publicwhip/cons/10836,Lothian,Scottish Parliament,5,2021-05-08,,,,,Q1256956,Q1871077
cc5b7b8b-e63a-4c0b-9615-c403a2af268c,Maggie Chapman,Maggie Chapman,,,,Green,4c73ecf7-1709-4750-ae05-8973c509a11b,uk.org.publicwhip/cons/10721,North East Scotland,Scottish Parliament,5,2021-05-08,,,,,Q1256956,Q1647853
ae4372c0-e866-4291-a3e6-90954facc361,Mairi Gougeon,Mairi Gougeon,Mairi.Gougeon.msp@parliament.scot,,,Scottish National Party,0f64137d-d78d-497f-ba8c-559f8840047c,uk.org.publicwhip/cons/10802,Angus North and Mearns,Scottish Parliament,5,2016-05-07,2021-05-05,http://scottishparliament.thirdlight.com/file/35921454674,,,Q10658,Q544582
ae4372c0-e866-4291-a3e6-90954facc361,Mairi Gougeon,Mairi Gougeon,Mairi.Gougeon.msp@parliament.scot,,,Scottish National Party,0f64137d-d78d-497f-ba8c-559f8840047c,uk.org.publicwhip/cons/10802,Angus North and Mearns,Scottish Parliament,5,2021-05-08,,http://scottishparliament.thirdlight.com/file/35921454674,,,Q10658,Q544582
7c980635-6489-4ec5-87ff-d953c9cc3b6f,Maree Todd,Maree Todd,Maree.Todd.msp@parliament.scot,,,Scottish National Party,0f64137d-d78d-497f-ba8c-559f8840047c,uk.org.publicwhip/cons/10718,Highlands and Islands,Scottish Parliament,5,2016-05-07,2021-05-05,http://scottishparliament.thirdlight.com/file/35783691275,,,Q10658,Q1549306
7c980635-6489-4ec5-87ff-d953c9cc3b6f,Maree Todd,Maree Todd,Maree.Todd.msp@parliament.scot,,,Scottish National Party,0f64137d-d78d-497f-ba8c-559f8840047c,uk.org.publicwhip/cons/10805,"Caithness, Sutherland and Ross",Scottish Parliament,5,2021-05-08,,http://scottishparliament.thirdlight.com/file/35783691275,,,Q10658,Q1026011
9edc5760-89d5-4309-83ed-05e7a2411946,Margaret Mitchell,Margaret Mitchell,,,,Conservative,716f311e-eac7-455c-b890-aed7db66b0f5,uk.org.publicwhip/cons/10716,Central Scotland,Scottish Parliament,5,2016-05-07,2021-05-05,,,,Q3243587,Q1053991
d0623710-0b45-4ea7-8b43-62f156fa3827,Marie McNair,Marie McNair,,,,Scottish National Party,0f64137d-d78d-497f-ba8c-559f8840047c,uk.org.publicwhip/cons/10735,Clydebank and Milngavie,Scottish Parliament,5,2021-05-08,,,,,Q10658,Q1103746
0d67d0ee-700c-4fd9-b0d9-bed2ccb78bc6,Mark Griffin,Mark Griffin,Mark.Griffin.msp@parliament.scot,,,Labour,8dff8a5d-91be-4b18-bad0-bf082068fe0a,uk.org.publicwhip/cons/10716,Central Scotland,Scottish Parliament,5,2016-05-07,2021-05-05,http://scottishparliament.thirdlight.com/file/35855660595,,,Q3179541,Q1053991
0d67d0ee-700c-4fd9-b0d9-bed2ccb78bc6,Mark Griffin,Mark Griffin,Mark.Griffin.msp@parliament.scot,,,Labour,8dff8a5d-91be-4b18-bad0-bf082068fe0a,uk.org.publicwhip/cons/10716,Central Scotland,Scottish Parliament,5,2021-05-08,,http://scottishparliament.thirdlight.com/file/35855660595,,,Q3179541,Q1053991
20d58894-b529-4e16-977f-5427673c9d62,Mark McDonald,Mark McDonald,,,,Scottish National Party,0f64137d-d78d-497f-ba8c-559f8840047c,uk.org.publicwhip/cons/10797,Aberdeen Donside,Scottish Parliament,5,2016-05-07,2018-03-05,,,,Q10658,Q319480
20d58894-b529-4e16-977f-5427673c9d62,Mark McDonald,Mark McDonald,,,,Independent,96bd4677-497f-4c2a-a80f-384954078b1a,uk.org.publicwhip/cons/10797,Aberdeen Donside,Scottish Parliament,5,2018-03-06,2021-05-05,,,,Q327591,Q319480
80812ff2-e70b-4d22-82ec-423d1537207b,Mark Ruskell,Mark Ruskell,Mark.Ruskell.msp@parliament.scot,,,Green,4c73ecf7-1709-4750-ae05-8973c509a11b,uk.org.publicwhip/cons/10720,Mid Scotland and Fife,Scottish Parliament,5,2016-05-07,2021-05-05,http://scottishparliament.thirdlight.com/file/35781781662,,,Q1256956,Q1931762
80812ff2-e70b-4d22-82ec-423d1537207b,Mark Ruskell,Mark Ruskell,Mark.Ruskell.msp@parliament.scot,,,Green,4c73ecf7-1709-4750-ae05-8973c509a11b,uk.org.publicwhip/cons/10720,Mid Scotland and Fife,Scottish Parliament,5,2021-05-08,,http://scottishparliament.thirdlight.com/file/35781781662,,,Q1256956,Q1931762
8867c997-b545-4f7f-ba1a-51b9f16fa69f,Martin Whitfield,Martin Whitfield,,,,Labour,8dff8a5d-91be-4b18-bad0-bf082068fe0a,uk.org.publicwhip/cons/10837,South Scotland,Scottish Parliament,5,2021-05-08,,,,,Q3179541,Q1749544
c1813367-5cdf-431f-9ae1-d8107f32e65e,Mary Fee,Mary Fee,,,,Labour,8dff8a5d-91be-4b18-bad0-bf082068fe0a,uk.org.publicwhip/cons/10838,West Scotland,Scottish Parliament,5,2016-05-07,2021-05-05,,,,Q3179541,Q2564353
6d134a37-a5d2-465f-a6bf-ce901c557d1c,Maureen Watt,Maureen Watt,,,,Scottish National Party,0f64137d-d78d-497f-ba8c-559f8840047c,uk.org.publicwhip/cons/10798,Aberdeen South and North Kincardine,Scottish Parliament,5,2016-05-07,2021-05-05,,,,Q10658,Q319507
87a0e641-8cbd-47de-a898-ceb3372bbfc4,Maurice Corry,Maurice Corry,,,,Conservative,716f311e-eac7-455c-b890-aed7db66b0f5,uk.org.publicwhip/cons/10838,West Scotland,Scottish Parliament,5,2016-05-07,2021-05-05,,,,Q3243587,Q2564353
37e3bcfd-4659-4220-9ec4-6b40433aa5e7,Maurice Golden,Maurice Golden,Maurice.Golden.msp@parliament.scot,,,Conservative,716f311e-eac7-455c-b890-aed7db66b0f5,uk.org.publicwhip/cons/10838,West Scotland,Scottish Parliament,5,2016-05-07,2021-05-05,http://scottishparliament.thirdlight.com/file/35783687661,,,Q3243587,Q2564353
37e3bcfd-4659-4220-9ec4-6b40433aa5e7,Maurice Golden,Maurice Golden,Maurice.Golden.msp@parliament.scot,,,Conservative,716f311e-eac7-455c-b890-aed7db66b0f5,uk.org.publicwhip/cons/10721,North East Scotland,Scottish Parliament,5,2021-05-08,,http://scottishparliament.thirdlight.com/file/35783687661,,,Q3243587,Q1647853
7781d00c-b810-42f4-a2ec-06b67afda2d4,Meghan Gallacher,Meghan Gallacher,,,,Conservative,716f311e-eac7-455c-b890-aed7db66b0f5,uk.org.publicwhip/cons/10716,Central Scotland,Scottish Parliament,5,2021-05-08,,,,,Q3243587,Q1053991
c4a9ce05-5e84-4a99-99b2-c77850140efc,Mercedes Villabla,Mercedes Villabla,,,,Labour,8dff8a5d-91be-4b18-bad0-bf082068fe0a,uk.org.publicwhip/cons/10721,North East Scotland,Scottish Parliament,5,2021-05-08,,,,,Q3179541,Q1647853
b15fabf2-fc7d-438e-b617-3016b866d0b7,Michael Marra,Michael Marra,,,,Labour,8dff8a5d-91be-4b18-bad0-bf082068fe0a,uk.org.publicwhip/cons/10721,North East Scotland,Scottish Parliament,5,2021-05-08,,,,,Q3179541,Q1647853
d9025c73-9768-44c3-9d37-2dcd4033cff5,Michael Matheson,Michael Matheson,Michael.Matheson.msp@parliament.scot,MathesonMichael,,Scottish National Party,0f64137d-d78d-497f-ba8c-559f8840047c,uk.org.publicwhip/cons/10757,Falkirk West,Scottish Parliament,5,2016-05-07,2021-05-05,http://scottishparliament.thirdlight.com/file/35855660631,male,Q121780,Q10658,Q1394351
d9025c73-9768-44c3-9d37-2dcd4033cff5,Michael Matheson,Michael Matheson,Michael.Matheson.msp@parliament.scot,MathesonMichael,,Scottish National Party,0f64137d-d78d-497f-ba8c-559f8840047c,uk.org.publicwhip/cons/10757,Falkirk West,Scottish Parliament,5,2021-05-08,,http://scottishparliament.thirdlight.com/file/35855660631,male,Q121780,Q10658,Q1394351
a2b5d937-2ca8-47d8-91ef-3b796b2163b4,Michael Russell,Michael Russell,,Feorlean,Feorlean,Scottish National Party,0f64137d-d78d-497f-ba8c-559f8840047c,uk.org.publicwhip/cons/10729,Argyll and Bute,Scottish Parliament,5,2016-05-07,2021-05-05,https://upload.wikimedia.org/wikipedia/commons/7/79/Mike_Russell_SNP_Conference.jpg,male,Q1929110,Q10658,Q652587
40a1d31b-6f6e-40a6-96ad-05121f4c3d07,Michelle Ballantyne,Michelle Ballantyne,,,,Conservative,716f311e-eac7-455c-b890-aed7db66b0f5,uk.org.publicwhip/cons/10837,South Scotland,Scottish Parliament,5,2017-05-23,2020-11-23,,,,Q3243587,Q1749544
40a1d31b-6f6e-40a6-96ad-05121f4c3d07,Michelle Ballantyne,Michelle Ballantyne,,,,Independent,96bd4677-497f-4c2a-a80f-384954078b1a,uk.org.publicwhip/cons/10837,South Scotland,Scottish Parliament,5,2020-11-24,2021-01-10,,,,Q327591,Q1749544
40a1d31b-6f6e-40a6-96ad-05121f4c3d07,Michelle Ballantyne,Michelle Ballantyne,,,,Reform UK,reform,uk.org.publicwhip/cons/10837,South Scotland,Scottish Parliament,5,2021-01-11,2021-05-05,,,,,Q1749544
47074e04-357b-4169-b399-5d982c2f1364,Michelle Thomson,Michelle Thomson,,,,Scottish National Party,0f64137d-d78d-497f-ba8c-559f8840047c,uk.org.publicwhip/cons/10756,Falkirk East,Scottish Parliament,5,2021-05-08,,,,,Q10658,Q1394345
916dfd5b-73f9-405c-87f7-eb669f84912e,Mike Rumbles,Mike Rumbles,,,,Liberal Democrat,d0527c28-097e-48ba-bcb2-fa5a61478f20,uk.org.publicwhip/cons/10721,North East Scotland,Scottish Parliament,5,2016-05-07,2021-05-05,https://upload.wikimedia.org/wikipedia/commons/f/f2/Mike_Rumbles.jpg,male,Q1436381,Q3250438,Q1647853
82d9cf13-9af7-418d-85ec-5b3892c1aba8,Miles Briggs,Miles Briggs,Miles.Briggs.msp@parliament.scot,,,Conservative,716f311e-eac7-455c-b890-aed7db66b0f5,uk.org.publicwhip/cons/10836,Lothian,Scottish Parliament,5,2016-05-07,2021-05-05,http://scottishparliament.thirdlight.com/file/35783685351,,,Q3243587,Q1871077
82d9cf13-9af7-418d-85ec-5b3892c1aba8,Miles Briggs,Miles Briggs,Miles.Briggs.msp@parliament.scot,,,Conservative,716f311e-eac7-455c-b890-aed7db66b0f5,uk.org.publicwhip/cons/10836,Lothian,Scottish Parliament,5,2021-05-08,,http://scottishparliament.thirdlight.com/file/35783685351,,,Q3243587,Q1871077
d9c6dde7-f2be-4dca-a645-0f4f1d02d526,Monica Lennon,Monica Lennon,Monica.Lennon.msp@parliament.scot,,,Labour,8dff8a5d-91be-4b18-bad0-bf082068fe0a,uk.org.publicwhip/cons/10716,Central Scotland,Scottish Parliament,5,2016-05-07,2021-05-05,http://scottishparliament.thirdlight.com/file/35783687362,,,Q3179541,Q1053991
d9c6dde7-f2be-4dca-a645-0f4f1d02d526,Monica Lennon,Monica Lennon,Monica.Lennon.msp@parliament.scot,,,Labour,8dff8a5d-91be-4b18-bad0-bf082068fe0a,uk.org.publicwhip/cons/10716,Central Scotland,Scottish Parliament,5,2021-05-08,,http://scottishparliament.thirdlight.com/file/35783687362,,,Q3179541,Q1053991
26d07c10-d976-42a6-9a52-ac78b1b7fab0,Murdo Fraser,Murdo Fraser,Murdo.Fraser.msp@parliament.scot,murdo_fraser,MSPMurdoFraser,Conservative,716f311e-eac7-455c-b890-aed7db66b0f5,uk.org.publicwhip/cons/10720,Mid Scotland and Fife,Scottish Parliament,5,2016-05-07,2021-05-05,http://scottishparliament.thirdlight.com/file/35800892126,male,Q1953630,Q3243587,Q1931762
26d07c10-d976-42a6-9a52-ac78b1b7fab0,Murdo Fraser,Murdo Fraser,Murdo.Fraser.msp@parliament.scot,murdo_fraser,MSPMurdoFraser,Conservative,716f311e-eac7-455c-b890-aed7db66b0f5,uk.org.publicwhip/cons/10720,Mid Scotland and Fife,Scottish Parliament,5,2021-05-08,,http://scottishparliament.thirdlight.com/file/35800892126,male,Q1953630,Q3243587,Q1931762
09f96589-2976-4552-a3e1-2faa9e2014f2,Màiri McAllan,Màiri McAllan,,,,Scottish National Party,0f64137d-d78d-497f-ba8c-559f8840047c,uk.org.publicwhip/cons/10736,Clydesdale,Scottish Parliament,5,2021-05-08,,,,,Q10658,Q1022403
4bb12bb2-0f64-48f1-8f2b-fcfad90b2bc9,Natalie Don,Natalie Don,,,,Scottish National Party,0f64137d-d78d-497f-ba8c-559f8840047c,uk.org.publicwhip/cons/10831,Renfrewshire North and West,Scottish Parliament,5,2021-05-08,,,,,Q10658,Q959590
23c49517-94df-4ea2-a30d-5b446c3cdd99,Neil Bibby,Neil Bibby,Neil.Bibby.msp@parliament.scot,,,Labour,8dff8a5d-91be-4b18-bad0-bf082068fe0a,uk.org.publicwhip/cons/10838,West Scotland,Scottish Parliament,5,2016-05-07,2021-05-05,http://scottishparliament.thirdlight.com/file/35960261503,,,Q3179541,Q2564353
23c49517-94df-4ea2-a30d-5b446c3cdd99,Neil Bibby,Neil Bibby,Neil.Bibby.msp@parliament.scot,,,Labour,8dff8a5d-91be-4b18-bad0-bf082068fe0a,uk.org.publicwhip/cons/10838,West Scotland,Scottish Parliament,5,2021-05-08,,http://scottishparliament.thirdlight.com/file/35960261503,,,Q3179541,Q2564353
1a93d7d3-91c2-4504-aa73-3374ce84892d,Neil Findlay,Neil Findlay,,,,Labour,8dff8a5d-91be-4b18-bad0-bf082068fe0a,uk.org.publicwhip/cons/10836,Lothian,Scottish Parliament,5,2016-05-07,2021-05-05,,,,Q3179541,Q1871077
39830124-3989-42c0-9849-15216519ba8f,Neil Gray,Neil Gray,,,,Scottish National Party,0f64137d-d78d-497f-ba8c-559f8840047c,uk.org.publicwhip/cons/10727,Airdrie and Shotts,Scottish Parliament,5,2021-05-08,,,,,Q10658,Q408547
cc093062-a4d6-45d8-9596-783eb01d1893,Nicola Sturgeon,Nicola Sturgeon,Nicola.Sturgeon.msp@parliament.scot,NicolaSturgeon,NicolaSturgeonSNP,Scottish National Party,0f64137d-d78d-497f-ba8c-559f8840047c,uk.org.publicwhip/cons/10821,Glasgow Southside,Scottish Parliament,5,2016-05-07,2021-05-05,http://scottishparliament.thirdlight.com/file/9853640645,female,Q467112,Q10658,Q178524
cc093062-a4d6-45d8-9596-783eb01d1893,Nicola Sturgeon,Nicola Sturgeon,Nicola.Sturgeon.msp@parliament.scot,NicolaSturgeon,NicolaSturgeonSNP,Scottish National Party,0f64137d-d78d-497f-ba8c-559f8840047c,uk.org.publicwhip/cons/10821,Glasgow Southside,Scottish Parliament,5,2021-05-08,,http://scottishparliament.thirdlight.com/file/9853640645,female,Q467112,Q10658,Q178524
9fc5eb84-4ab7-4900-8ae1-c5a865f4ee7a,Oliver Mundell,Oliver Mundell,Oliver.Mundell.msp@parliament.scot,,,Conservative,716f311e-eac7-455c-b890-aed7db66b0f5,uk.org.publicwhip/cons/10808,Dumfriesshire,Scottish Parliament,5,2016-05-07,2021-05-05,http://scottishparliament.thirdlight.com/file/35781571941,,,Q3243587,Q287509
9fc5eb84-4ab7-4900-8ae1-c5a865f4ee7a,Oliver Mundell,Oliver Mundell,Oliver.Mundell.msp@parliament.scot,,,Conservative,716f311e-eac7-455c-b890-aed7db66b0f5,uk.org.publicwhip/cons/10808,Dumfriesshire,Scottish Parliament,5,2021-05-08,,http://scottishparliament.thirdlight.com/file/35781571941,,,Q3243587,Q287509
1ae7970c-e425-4f83-91b1-36433b0570cb,Pam Duncan-Glancy,Pam Duncan-Glancy,,,,Labour,8dff8a5d-91be-4b18-bad0-bf082068fe0a,uk.org.publicwhip/cons/10717,Glasgow,Scottish Parliament,5,2021-05-08,,,,,Q3179541,Q1529479
d32d449e-e958-439d-8f28-53dfd7fdf486,Pam Gosal,Pam Gosal,,,,Conservative,716f311e-eac7-455c-b890-aed7db66b0f5,uk.org.publicwhip/cons/10838,West Scotland,Scottish Parliament,5,2021-05-08,,,,,Q3243587,Q2564353
6b6fb747-73a7-4404-aa37-a8d796542b02,Patrick Harvie,Patrick Harvie,Patrick.Harvie.msp@parliament.scot,,,Green,4c73ecf7-1709-4750-ae05-8973c509a11b,uk.org.publicwhip/cons/10717,Glasgow,Scottish Parliament,5,2016-05-07,2021-05-05,http://scottishparliament.thirdlight.com/file/35783690519,,,Q1256956,Q1529479
6b6fb747-73a7-4404-aa37-a8d796542b02,Patrick Harvie,Patrick Harvie,Patrick.Harvie.msp@parliament.scot,,,Green,4c73ecf7-1709-4750-ae05-8973c509a11b,uk.org.publicwhip/cons/10717,Glasgow,Scottish Parliament,5,2021-05-08,,http://scottishparliament.thirdlight.com/file/35783690519,,,Q1256956,Q1529479
cf32083d-b20a-4a3c-8d84-7c4162795abf,Paul McLennan,Paul McLennan,,,,Scottish National Party,0f64137d-d78d-497f-ba8c-559f8840047c,uk.org.publicwhip/cons/10748,East Lothian,Scottish Parliament,5,2021-05-08,,,,,Q10658,Q1277940
6cfb8fd7-8615-4cd6-b524-d6fd9c2a44c6,Paul O'Kane,Paul O'Kane,,,,Labour,8dff8a5d-91be-4b18-bad0-bf082068fe0a,uk.org.publicwhip/cons/10838,West Scotland,Scottish Parliament,5,2021-05-08,,,,,Q3179541,Q2564353
9a7771ea-2a40-4704-b8ea-3a87a0cebf00,Paul Sweeney,Paul Sweeney,,,,Labour,8dff8a5d-91be-4b18-bad0-bf082068fe0a,uk.org.publicwhip/cons/10717,Glasgow,Scottish Parliament,5,2021-05-08,,,,,Q3179541,Q1529479
7a59bb42-56ae-4b0d-8036-ef875cd6b2a5,Paul Wheelhouse,Paul Wheelhouse,,,,Scottish National Party,0f64137d-d78d-497f-ba8c-559f8840047c,uk.org.publicwhip/cons/10837,South Scotland,Scottish Parliament,5,2016-05-07,2021-05-05,,,,Q10658,Q1749544
8dae0cec-740f-4b69-a79f-9484151407ce,Pauline McNeill,Pauline McNeill,Pauline.McNeill.msp@parliament.scot,pauline4glasgow,,Labour,8dff8a5d-91be-4b18-bad0-bf082068fe0a,uk.org.publicwhip/cons/10717,Glasgow,Scottish Parliament,5,2016-05-07,2021-05-05,http://scottishparliament.thirdlight.com/file/35960261831,female,Q2063795,Q3179541,Q1529479
8dae0cec-740f-4b69-a79f-9484151407ce,Pauline McNeill,Pauline McNeill,Pauline.McNeill.msp@parliament.scot,pauline4glasgow,,Labour,8dff8a5d-91be-4b18-bad0-bf082068fe0a,uk.org.publicwhip/cons/10717,Glasgow,Scottish Parliament,5,2021-05-08,,http://scottishparliament.thirdlight.com/file/35960261831,female,Q2063795,Q3179541,Q1529479
2e3e2ca1-d04f-4472-80f9-af59eed27f3d,Peter Chapman,Peter Chapman,,,,Conservative,716f311e-eac7-455c-b890-aed7db66b0f5,uk.org.publicwhip/cons/10721,North East Scotland,Scottish Parliament,5,2016-05-07,2021-05-05,,,,Q3243587,Q1647853
20bc766a-d3d5-4208-8cec-55de0364e95a,Rachael Hamilton,Rachael Hamilton,Rachael.Hamilton.msp@parliament.scot,,,Conservative,716f311e-eac7-455c-b890-aed7db66b0f5,uk.org.publicwhip/cons/10837,South Scotland,Scottish Parliament,5,2016-05-07,2017-06-07,http://scottishparliament.thirdlight.com/file/35781571479,,,Q3243587,Q1749544
20bc766a-d3d5-4208-8cec-55de0364e95a,Rachael Hamilton,Rachael Hamilton,Rachael.Hamilton.msp@parliament.scot,,,Conservative,716f311e-eac7-455c-b890-aed7db66b0f5,uk.org.publicwhip/cons/10817,"Ettrick, Roxburgh and Berwickshire",Scottish Parliament,5,2017-06-08,2021-05-05,http://scottishparliament.thirdlight.com/file/35781571479,,,Q3243587,Q1371899
20bc766a-d3d5-4208-8cec-55de0364e95a,Rachael Hamilton,Rachael Hamilton,Rachael.Hamilton.msp@parliament.scot,,,Conservative,716f311e-eac7-455c-b890-aed7db66b0f5,uk.org.publicwhip/cons/10817,"Ettrick, Roxburgh and Berwickshire",Scottish Parliament,5,2021-05-08,,http://scottishparliament.thirdlight.com/file/35781571479,,,Q3243587,Q1371899
e7eda592-470b-4848-a862-4f1bfa01de52,Rhoda Grant,Rhoda Grant,Rhoda.Grant.msp@parliament.scot,RhodaGrant,,Labour,8dff8a5d-91be-4b18-bad0-bf082068fe0a,uk.org.publicwhip/cons/10718,Highlands and Islands,Scottish Parliament,5,2016-05-07,2021-05-05,http://scottishparliament.thirdlight.com/file/41869411513,female,Q769138,Q3179541,Q1549306
e7eda592-470b-4848-a862-4f1bfa01de52,Rhoda Grant,Rhoda Grant,Rhoda.Grant.msp@parliament.scot,RhodaGrant,,Labour,8dff8a5d-91be-4b18-bad0-bf082068fe0a,uk.org.publicwhip/cons/10718,Highlands and Islands,Scottish Parliament,5,2021-05-08,,http://scottishparliament.thirdlight.com/file/41869411513,female,Q769138,Q3179541,Q1549306
9236de2f-301a-46c8-856d-56fccef1b78a,Richard Leonard,Richard Leonard,Richard.Leonard.msp@parliament.scot,,,Labour,8dff8a5d-91be-4b18-bad0-bf082068fe0a,uk.org.publicwhip/cons/10716,Central Scotland,Scottish Parliament,5,2016-05-07,2021-05-05,http://scottishparliament.thirdlight.com/file/35942063441,,,Q3179541,Q1053991
9236de2f-301a-46c8-856d-56fccef1b78a,Richard Leonard,Richard Leonard,Richard.Leonard.msp@parliament.scot,,,Labour,8dff8a5d-91be-4b18-bad0-bf082068fe0a,uk.org.publicwhip/cons/10716,Central Scotland,Scottish Parliament,5,2021-05-08,,http://scottishparliament.thirdlight.com/file/35942063441,,,Q3179541,Q1053991
a24980d0-0278-4cce-8b2a-e1027cec4997,Richard Lochhead,Richard Lochhead,Richard.Lochhead.msp@parliament.scot,,,Scottish National Party,0f64137d-d78d-497f-ba8c-559f8840047c,uk.org.publicwhip/cons/10779,Moray,Scottish Parliament,5,2016-05-07,2021-05-05,http://scottishparliament.thirdlight.com/file/9853506741,male,Q1490268,Q10658,Q1799307
a24980d0-0278-4cce-8b2a-e1027cec4997,Richard Lochhead,Richard Lochhead,Richard.Lochhead.msp@parliament.scot,,,Scottish National Party,0f64137d-d78d-497f-ba8c-559f8840047c,uk.org.publicwhip/cons/10779,Moray,Scottish Parliament,5,2021-05-08,,http://scottishparliament.thirdlight.com/file/9853506741,male,Q1490268,Q10658,Q1799307
dd980241-3821-42b8-9606-2815ca9949b9,Richard Lyle,Richard Lyle,,,,Scottish National Party,0f64137d-d78d-497f-ba8c-559f8840047c,uk.org.publicwhip/cons/10835,Uddingston and Bellshill,Scottish Parliament,5,2016-05-07,2021-05-05,,,,Q10658,Q1623093
fde159e6-c4b1-442c-b2fc-5d35a188104c,Rona Mackay,Rona Mackay,Rona.Mackay.msp@parliament.scot,,,Scottish National Party,0f64137d-d78d-497f-ba8c-559f8840047c,uk.org.publicwhip/cons/10792,Strathkelvin and Bearsden,Scottish Parliament,5,2016-05-07,2021-05-05,http://scottishparliament.thirdlight.com/file/35783687929,,,Q10658,Q2353886
fde159e6-c4b1-442c-b2fc-5d35a188104c,Rona Mackay,Rona Mackay,Rona.Mackay.msp@parliament.scot,,,Scottish National Party,0f64137d-d78d-497f-ba8c-559f8840047c,uk.org.publicwhip/cons/10792,Strathkelvin and Bearsden,Scottish Parliament,5,2021-05-08,,http://scottishparliament.thirdlight.com/file/35783687929,,,Q10658,Q2353886
235221fe-e41b-47ae-b69c-398ffb290d7c,Roseanna Cunningham,Roseanna Cunningham,,strathearnrose,,Scottish National Party,0f64137d-d78d-497f-ba8c-559f8840047c,uk.org.publicwhip/cons/10830,Perthshire South and Kinross-shire,Scottish Parliament,5,2016-05-07,2021-05-05,https://upload.wikimedia.org/wikipedia/commons/d/dd/Roseanna_Cunningham.jpg,female,Q333953,Q10658,Q1512696
fe847ffa-25fc-433d-b1d5-3d9cdc480dd4,Ross Greer,Ross Greer,Ross.Greer.msp@parliament.scot,,,Green,4c73ecf7-1709-4750-ae05-8973c509a11b,uk.org.publicwhip/cons/10838,West Scotland,Scottish Parliament,5,2016-05-07,2021-05-05,http://scottishparliament.thirdlight.com/file/35783687836,,,Q1256956,Q2564353
fe847ffa-25fc-433d-b1d5-3d9cdc480dd4,Ross Greer,Ross Greer,Ross.Greer.msp@parliament.scot,,,Green,4c73ecf7-1709-4750-ae05-8973c509a11b,uk.org.publicwhip/cons/10838,West Scotland,Scottish Parliament,5,2021-05-08,,http://scottishparliament.thirdlight.com/file/35783687836,,,Q1256956,Q2564353
7ff45e4e-a7f8-4816-b532-abe6fd0e46ae,Ross Thomson,Ross Thomson,,,,Conservative,716f311e-eac7-455c-b890-aed7db66b0f5,uk.org.publicwhip/cons/10721,North East Scotland,Scottish Parliament,5,2016-05-07,2017-06-09,,,,Q3243587,Q1647853
03b2d9b2-0b05-48e5-86e6-3f57f99738d6,Russell Findlay,Russell Findlay,,,,Conservative,716f311e-eac7-455c-b890-aed7db66b0f5,uk.org.publicwhip/cons/10838,West Scotland,Scottish Parliament,5,2021-05-08,,,,,Q3243587,Q2564353
3985afb9-5632-4c49-9a7e-a7195ccf9de0,Ruth Davidson,Ruth Davidson,,,,Conservative,716f311e-eac7-455c-b890-aed7db66b0f5,uk.org.publicwhip/cons/10750,Edinburgh Central,Scottish Parliament,5,2016-05-07,2021-05-05,,,,Q3243587,Q597563
dd3b9044-e321-446b-a518-19f91343e60d,Ruth Maguire,Ruth Maguire,Ruth.Maguire.msp@parliament.scot,,,Scottish National Party,0f64137d-d78d-497f-ba8c-559f8840047c,uk.org.publicwhip/cons/10740,Cunninghame South,Scottish Parliament,5,2016-05-07,2021-05-05,http://scottishparliament.thirdlight.com/file/51788159101,,,Q10658,Q1144052
dd3b9044-e321-446b-a518-19f91343e60d,Ruth Maguire,Ruth Maguire,Ruth.Maguire.msp@parliament.scot,,,Scottish National Party,0f64137d-d78d-497f-ba8c-559f8840047c,uk.org.publicwhip/cons/10740,Cunninghame South,Scottish Parliament,5,2021-05-08,,http://scottishparliament.thirdlight.com/file/51788159101,,,Q10658,Q1144052
76310294-4549-4028-84b1-9fde01dfa614,Sandesh Gulhane,Sandesh Gulhane,,,,Conservative,716f311e-eac7-455c-b890-aed7db66b0f5,uk.org.publicwhip/cons/10717,Glasgow,Scottish Parliament,5,2021-05-08,,,,,Q3243587,Q1529479
ba41aaec-2168-4d6e-b60d-708b9f68d4e5,Sandra White,Sandra White,,SandraWhiteSNP,,Scottish National Party,0f64137d-d78d-497f-ba8c-559f8840047c,uk.org.publicwhip/cons/10763,Glasgow Kelvin,Scottish Parliament,5,2016-05-07,2021-05-05,https://upload.wikimedia.org/wikipedia/commons/0/0e/SandraWhiteMSP20110510.JPG,female,Q466861,Q10658,Q1529510
83683f4d-46c5-469e-8d7a-3f57d6f6efb0,Sarah Boyack,Sarah Boyack,sarah.boyack.msp@parliament.scot,,,Labour,8dff8a5d-91be-4b18-bad0-bf082068fe0a,uk.org.publicwhip/cons/10836,Lothian,Scottish Parliament,5,2019-07-15,2021-05-05,http://scottishparliament.thirdlight.com/file/56418919750,female,Q544089,Q3179541,Q1871077
83683f4d-46c5-469e-8d7a-3f57d6f6efb0,Sarah Boyack,Sarah Boyack,sarah.boyack.msp@parliament.scot,,,Labour,8dff8a5d-91be-4b18-bad0-bf082068fe0a,uk.org.publicwhip/cons/10836,Lothian,Scottish Parliament,5,2021-05-08,,http://scottishparliament.thirdlight.com/file/56418919750,female,Q544089,Q3179541,Q1871077
b3b4e720-ffbc-4455-95b9-c3c795203f4c,Sharon Dowey,Sharon Dowey,,,,Conservative,716f311e-eac7-455c-b890-aed7db66b0f5,uk.org.publicwhip/cons/10837,South Scotland,Scottish Parliament,5,2021-05-08,,,,,Q3243587,Q1749544
ee9e653d-71ab-4440-9a54-a57b940cf3de,Shirley-Anne Somerville,Shirley-Anne Somerville,Shirley-Anne.Somerville.msp@parliament.scot,,,Scottish National Party,0f64137d-d78d-497f-ba8c-559f8840047c,uk.org.publicwhip/cons/10811,Dunfermline,Scottish Parliament,5,2016-05-07,2021-05-05,http://scottishparliament.thirdlight.com/file/35783690940,,,Q10658,Q1265614
ee9e653d-71ab-4440-9a54-a57b940cf3de,Shirley-Anne Somerville,Shirley-Anne Somerville,Shirley-Anne.Somerville.msp@parliament.scot,,,Scottish National Party,0f64137d-d78d-497f-ba8c-559f8840047c,uk.org.publicwhip/cons/10811,Dunfermline,Scottish Parliament,5,2021-05-08,,http://scottishparliament.thirdlight.com/file/35783690940,,,Q10658,Q1265614
c232b21b-b6a6-48c0-a9fb-422334a40f57,Shona Robison,Shona Robison,Shona.Robison.msp@parliament.scot,ShonaRobison,,Scottish National Party,0f64137d-d78d-497f-ba8c-559f8840047c,uk.org.publicwhip/cons/10809,Dundee City East,Scottish Parliament,5,2016-05-07,2021-05-05,http://scottishparliament.thirdlight.com/file/35820938944,female,Q444675,Q10658,Q1265528
c232b21b-b6a6-48c0-a9fb-422334a40f57,Shona Robison,Shona Robison,Shona.Robison.msp@parliament.scot,ShonaRobison,,Scottish National Party,0f64137d-d78d-497f-ba8c-559f8840047c,uk.org.publicwhip/cons/10809,Dundee City East,Scottish Parliament,5,2021-05-08,,http://scottishparliament.thirdlight.com/file/35820938944,female,Q444675,Q10658,Q1265528
3cbc3e17-4971-4b8c-9803-2e924d53553e,Siobhian Brown,Siobhian Brown,,,,Scottish National Party,0f64137d-d78d-497f-ba8c-559f8840047c,uk.org.publicwhip/cons/10730,Ayr,Scottish Parliament,5,2021-05-08,,,,,Q10658,Q793213
b63a0cb8-776a-49f4-bdaf-7891e39e335e,Stephanie Callaghan,Stephanie Callaghan,,,,Scottish National Party,0f64137d-d78d-497f-ba8c-559f8840047c,uk.org.publicwhip/cons/10835,Uddingston and Bellshill,Scottish Parliament,5,2021-05-08,,,,,Q10658,Q1623093
272d843e-79fc-4ee4-9dda-cf47eee9cbe7,Stephen Kerr,Stephen Kerr,,,,Conservative,716f311e-eac7-455c-b890-aed7db66b0f5,uk.org.publicwhip/cons/10716,Central Scotland,Scottish Parliament,5,2021-05-08,,,,,Q3243587,Q1053991
cbdb7673-565b-4917-a812-74c20634ad76,Stewart Stevenson,Stewart Stevenson,,zsstevens,stewartstevenson4msp,Scottish National Party,0f64137d-d78d-497f-ba8c-559f8840047c,uk.org.publicwhip/cons/10804,Banffshire and Buchan Coast,Scottish Parliament,5,2016-05-07,2021-05-05,https://upload.wikimedia.org/wikipedia/commons/1/15/StewartStevensonMSP20110510.JPG,male,Q559613,Q10658,Q806431
c9d1f639-778e-4bba-b3f7-ec8dff42a606,Stuart McMillan,Stuart McMillan,Stuart.McMillan.msp@parliament.scot,,,Scottish National Party,0f64137d-d78d-497f-ba8c-559f8840047c,uk.org.publicwhip/cons/10770,Greenock and Inverclyde,Scottish Parliament,5,2016-05-07,2021-05-05,http://scottishparliament.thirdlight.com/file/35820938765,,,Q10658,Q1544755
c9d1f639-778e-4bba-b3f7-ec8dff42a606,Stuart McMillan,Stuart McMillan,Stuart.McMillan.msp@parliament.scot,,,Scottish National Party,0f64137d-d78d-497f-ba8c-559f8840047c,uk.org.publicwhip/cons/10770,Greenock and Inverclyde,Scottish Parliament,5,2021-05-08,,http://scottishparliament.thirdlight.com/file/35820938765,,,Q10658,Q1544755
a3eff02c-c270-4e9d-9d99-953b9acc0a6c,Sue Webber,Sue Webber,,,,Conservative,716f311e-eac7-455c-b890-aed7db66b0f5,uk.org.publicwhip/cons/10836,Lothian,Scottish Parliament,5,2021-05-08,,,,,Q3243587,Q1871077
9cbb9ee3-7d10-47e1-bdfc-c831300818dc,Tavish Scott,Tavish Scott,,tavishscott,,Liberal Democrat,d0527c28-097e-48ba-bcb2-fa5a61478f20,uk.org.publicwhip/cons/10790,Shetland Islands,Scottish Parliament,5,2016-05-07,2019-07-15,https://upload.wikimedia.org/wikipedia/commons/a/a3/Tavish_Scott_MSP_at_Bournemouth.jpg,male,Q1339371,Q3250438,Q2278508
92638dd3-20b7-42aa-9338-dfa92b30cbd9,Tess White,Tess White,,,,Conservative,716f311e-eac7-455c-b890-aed7db66b0f5,uk.org.publicwhip/cons/10721,North East Scotland,Scottish Parliament,5,2021-05-08,,,,,Q3243587,Q1647853
f807078e-87d3-4ce4-8c3e-c296d653021e,Tom Arthur,Tom Arthur,Tom.Arthur.msp@parliament.scot,,,Scottish National Party,0f64137d-d78d-497f-ba8c-559f8840047c,uk.org.publicwhip/cons/10832,Renfrewshire South,Scottish Parliament,5,2016-05-07,2021-05-05,http://scottishparliament.thirdlight.com/file/35783688599,,,Q10658,Q2143939
f807078e-87d3-4ce4-8c3e-c296d653021e,Tom Arthur,Tom Arthur,Tom.Arthur.msp@parliament.scot,,,Scottish National Party,0f64137d-d78d-497f-ba8c-559f8840047c,uk.org.publicwhip/cons/10832,Renfrewshire South,Scottish Parliament,5,2021-05-08,,http://scottishparliament.thirdlight.com/file/35783688599,,,Q10658,Q2143939
6ea30834-1455-41a7-9871-c608b55dffe5,Tom Mason,Tom Mason,,,,Conservative,716f311e-eac7-455c-b890-aed7db66b0f5,uk.org.publicwhip/cons/10721,North East Scotland,Scottish Parliament,5,2017-06-20,2021-05-05,,,,Q3243587,Q1647853
7571a713-a215-477f-8075-7e02183fba4e,Willie Coffey,Willie Coffey,Willie.Coffey.msp@parliament.scot,,,Scottish National Party,0f64137d-d78d-497f-ba8c-559f8840047c,uk.org.publicwhip/cons/10824,Kilmarnock and Irvine Valley,Scottish Parliament,5,2016-05-07,2021-05-05,http://scottishparliament.thirdlight.com/file/36076831535,,,Q10658,Q1741403
7571a713-a215-477f-8075-7e02183fba4e,Willie Coffey,Willie Coffey,Willie.Coffey.msp@parliament.scot,,,Scottish National Party,0f64137d-d78d-497f-ba8c-559f8840047c,uk.org.publicwhip/cons/10824,Kilmarnock and Irvine Valley,Scottish Parliament,5,2021-05-08,,http://scottishparliament.thirdlight.com/file/36076831535,,,Q10658,Q1741403
20b9280d-3de5-4fbd-af3c-a715632ae202,Willie Rennie,Willie Rennie,Willie.Rennie.msp@parliament.scot,,,Liberal Democrat,d0527c28-097e-48ba-bcb2-fa5a61478f20,uk.org.publicwhip/cons/10781,North East Fife,Scottish Parliament,5,2016-05-07,2021-05-05,http://scottishparliament.thirdlight.com/file/35783687229,,,Q3250438,Q914974
20b9280d-3de5-4fbd-af3c-a715632ae202,Willie Rennie,Willie Rennie,Willie.Rennie.msp@parliament.scot,,,Liberal Democrat,d0527c28-097e-48ba-bcb2-fa5a61478f20,uk.org.publicwhip/cons/10781,North East Fife,Scottish Parliament,5,2021-05-08,,http://scottishparliament.thirdlight.com/file/35783687229,,,Q3250438,Q914974
