id,name,sort_name,birth_date,death_date,gender,email,phone,fax,website,twitter,facebook,blog,youtube,flickr,identifier__dods,identifier__pims,identifier__datadotparl
1171,Liam Byrne,"Byrne, Liam","","",male,liam.byrne.mp@parliament.uk,020 7219 6953,"",http://www.liambyrne.co.uk/,https://twitter.com/LiamByrneMP,"","","","",30771,2410,1171
1211,Mr Andrew Mitchell,"Mitchell, Mr Andrew","","",male,andrew.mitchell.mp@parliament.uk,020 7219 8516,020 7219 1981,http://www.andrew-mitchell-mp.co.uk,"",https://www.facebook.com/andrewmitchellmp/,"","","",25190,1926,1211
1383,Mark Tami,"Tami, Mark","","",male,tamim@parliament.uk,020 7219 8174,"",http://www.marktami.co.uk,https://twitter.com/MarkTamiMP,"","","","",25263,4198,1383
1409,Mr Gregory Campbell,"Campbell, Mr Gregory","","",male,aaron.callan@parliament.uk ; dupcoleraine@parliament.uk,020 7219 8495,"",https://mydup.com/our-team/gregory-campbell,"","","","","",25794,2448,1409
1440,Pete Wishart,"Wishart, Pete","","",male,pete.wishart.mp@parliament.uk,020 7219 8303,"",http://www.petewishartmp.scot/,https://twitter.com/PeteWishart,"","","","",25254,4656,1440
1442,Mr Alistair Carmichael,"Carmichael, Mr Alistair","","",male,carmichaela@parliament.uk,020 7219 8181,"",https://www.alistaircarmichael.co.uk/,https://twitter.com/amcarmichaelMP,"","","","",24991,2481,1442
1444,Mr Mark Francois,"Francois, Mr Mark","","",male,mark.francois.mp@parliament.uk,020 7219 8287,020 7219 1858,"","","","","","",25619,3316,1444
1446,Sir Chris Bryant,"Bryant, Sir Chris","","",male,chris.bryant.mp@parliament.uk ; garethw.hughes@parliament.uk,020 7219 8315,"",http://www.chrisbryant.org.uk/,"","","","","",25745,2350,1446
1447,Andrew Rosindell,"Rosindell, Andrew","","",male,andrew.rosindell.mp@parliament.uk ; andrew@rosindell.com,020 7219 8475,"",http://www.rosindell.com/,https://twitter.com/AndrewRosindell,"","","","",25356,455,1447
146,Barry Gardiner,"Gardiner, Barry","","",male,barry.gardiner.mp@parliament.uk,020 7219 4046,"",http://www.barrygardiner.com,https://twitter.com/BarryGardiner,"","","","",25651,3379,146
1466,Dr Andrew Murrison,"Murrison, Dr Andrew","","",male,murrisona@parliament.uk,01225 358584,"",http://www.andrewmurrison.co.uk,https://twitter.com/murrisonMP,"","","","",25384,2058,1466
1482,Graham Stuart,"Stuart, Graham","","",male,grahamstuartmp@parliament.uk,01482 679687,"",http://www.grahamstuart.com,https://twitter.com/grahamstuart,"","","","",31707,4814,1482
1489,Dawn Butler,"Butler, Dawn","","",female,dawn.butler.mp@parliament.uk,020 7219 8591,"","",https://twitter.com/dawnbutlerbrent,"","","","",40783,4756,1489
1491,Kerry McCarthy,"McCarthy, Kerry","","",female,kerry.mccarthy.mp@parliament.uk,020 7219 4510,"",https://www.kerrymccarthy.org/,https://twitter.com/KerryMP,"","","","",39440,4810,1491
1506,Andrew Gwynne,"Gwynne, Andrew","","",male,gwynnea@parliament.uk,020 7219 4708,020 7219 4548,http://www.andrewgwynne.co.uk,https://twitter.com/GwynneMP,https://www.facebook.com/GwynneMP,"","","",35894,4785,1506
1508,Sir Geoffrey Cox,"Cox, Sir Geoffrey","","",male,coxg@parliament.uk ; tellgeoffrey@geoffreycox.co.uk,020 7219 4719,020 7219 4307,http://www.geoffreycox.co.uk/,https://twitter.com/Geoffrey_Cox,"","","","",31700,4762,1508
1510,Edward Miliband,"Miliband, Edward","","",male,ed.miliband.mp@parliament.uk,020 7219 7318,"","",https://twitter.com/Ed_Miliband,https://www.facebook.com/edmiliband,"","","",40791,4818,1510
1512,David Mundell,"Mundell, David","","",male,david.mundell.mp@parliament.uk ; david@davidmundell.com,020 7219 4895,020 7219 2707,http://www.davidmundell.com,https://twitter.com/davidmundelldct,"","","","",32679,2043,1512
1516,Andy Slaughter,"Slaughter, Andy","","",male,slaughtera@parliament.uk ; andy@andyslaughter.com,020 7219 4990,"",http://www.andyslaughter.com,https://twitter.com/hammersmithandy,https://www.facebook.com/andy4hammersmith,"","","",35897,4804,1516
152,Sir Iain Duncan Smith,"Duncan Smith, Sir Iain","","",male,Iain.duncansmith.mp@parliament.uk,020 7219 2667; 020 7219 2664,"",http://www.iainduncansmith.org.uk/,"","","","","",25640,3039,152
1521,Mrs Sharon Hodgson,"Hodgson, Mrs Sharon","","",female,sharon.hodgson.mp@parliament.uk,020 7219 5160,020 7219 4493,http://www.sharonhodgson.org/,https://twitter.com/SharonHodgsonMP,"","","","",35910,4742,1521
1524,Dame Meg Hillier,"Hillier, Dame Meg","","",female,meghilliermp@parliament.uk,020 7219 5325,020 7219 8768,http://www.meghillier.com/,https://twitter.com/Meg_HillierMP,"","","","",35914,4739,1524
1533,Dame Diana Johnson,"Johnson, Dame Diana","","",female,johnsond@parliament.uk,020 7219 5647,020 7219 0959,http://www.dianajohnson.co.uk/,https://twitter.com/DianaJohnsonMP,"","","","",35928,4791,1533
1536,Emily Thornberry,"Thornberry, Emily","","",female,thornberrye@parliament.uk ; emilythornberrymp@parliament.uk,"","",http://www.emilythornberry.com,https://twitter.com/EmilyThornberry,"","","","",35925,4821,1536
1541,Dame Nia Griffith,"Griffith, Dame Nia","","",female,nia.griffith.mp@parliament.uk,020 7219 4903,"",http://niagriffith.org.uk/,https://twitter.com/NiaGriffithMP,https://www.facebook.com/pages/Nia-Griffith-MP/154165864657660,"","","",37590,4784,1541
1548,Jessica Morden,"Morden, Jessica","","",female,mordenj@parliament.uk,020 7219 6213,020 7219 6196,http://www.jessicamorden.com,https://twitter.com/jessicamordenmp,"","","","",39384,4824,1548
1560,Sir Jeremy Wright,"Wright, Sir Jeremy","","",male,Jeremy.wright.mp@parliament.uk ; jeremy@jeremywright.org.uk,020 7219 2008,"",http://www.jeremywright.org.uk/,"",https://www.facebook.com/JeremyWrightMP/,"","","",35436,4847,1560
1572,Jeremy Hunt,"Hunt, Jeremy","","",male,huntj@parliament.uk,020 7219 6813,"",http://www.jeremyhunt.org/,https://twitter.com/Jeremy_Hunt,"","","","",35446,4799,1572
1576,Mark Pritchard,"Pritchard, Mark","","",male,mark.pritchard.mp@parliament.uk,020 7219 8494,"",http://www.markpritchard.com,https://twitter.com/MPritchardMP,"","","","",31594,4836,1576
1579,Mary Creagh,"Creagh, Mary","","",female,"","","","","","","","","",36019,4765,1579
1587,Pat McFadden,"McFadden, Pat","","",male,mcfaddenp@parliament.uk,020 7219 4036,020 7219 5665,http://www.patmcfadden.com,https://twitter.com/patmcfaddenmp,"","","","",18145,4815,1587
1591,Tim Farron,"Farron, Tim","","",male,farront@parliament.uk ; tim@timfarron.co.uk,020 7219 8519,"",http://www.timfarron.co.uk/,https://twitter.com/timfarron,"","","","",31716,4774,1591
1593,Sammy Wilson,"Wilson, Sammy","","",male,barronj@parliament.uk,020 7219 8523,"","",https://twitter.com/eastantrimmp,https://www.facebook.com/SammyWilsonMP/,"","","",33564,4642,1593
163,Sir Stephen Timms,"Timms, Sir Stephen","","",male,timmss@parliament.uk ; stephen@stephentimms.org.uk,020 7219 4000,"",http://www.stephentimms.org.uk,https://twitter.com/stephenctimms,"","","","",25278,4291,163
165,Clive Efford,"Efford, Clive","","",male,effordc@parliament.uk ; clive@cliveefford.org.uk,020 7219 4057,"",http://www.cliveefford.org.uk/,https://twitter.com/CliveEfford,"","","","",25662,3084,165
172,Ms Diane Abbott,"Abbott, Ms Diane","","",female,diane.abbott.office@parliament.uk,020 7219 4426,"",http://www.dianeabbott.org.uk,https://twitter.com/HackneyAbbott,"","","","",25790,3572,172
177,Gareth Thomas,"Thomas, Gareth","","",male,gareth.thomas.mp@parliament.uk,020 7219 4243,"",http://www.gareththomas.org.uk/,https://twitter.com/GarethThomasMP,"","","","",25273,4261,177
178,John McDonnell,"McDonnell, John","","",male,mcdonnellj@parliament.uk,0207 219 4100,"",http://www.john-mcdonnell.net,https://twitter.com/johnmcdonnellMP,"","","","",25474,1799,178
185,Jeremy Corbyn,"Corbyn, Jeremy","","",male,jeremy.corbyn.mp@parliament.uk,020 7219 3545,"",http://www.jeremycorbyn.org.uk/ ; http://www.labour.org.uk/,https://twitter.com/jeremycorbyn,http://www.facebook.com/JeremyCorbynMP/,"","","",25692,2717,185
188,Ed Davey,"Davey, Ed","","",male,edward.davey.mp@parliament.uk,020 7219 4530,"",http://www.edwarddavey.co.uk,"","","","","",25694,2851,188
193,Dame Siobhain McDonagh,"McDonagh, Dame Siobhain","","",female,mcdonaghs@parliament.uk ; siobhain@mmlp.org.uk,020 7219 4678,020 7219 0986,http://www.siobhainmcdonagh.org.uk/,https://twitter.com/Siobhain_MP,"","","","",25421,1796,193
206,Mr David Lammy,"Lammy, Mr David","","",male,david.lammy.mp@parliament.uk,"","",http://www.davidlammy.co.uk,https://twitter.com/DavidLammy,"","","","",25459,1400,206
221,Dan Norris,"Norris, Dan","","",male,"","","","","","","","","",25386,2136,221
227,Andrew George,"George, Andrew","","",male,"","","","","","","","","",25653,3404,227
242,Sir Christopher Chope,"Chope, Sir Christopher","","",male,chopec@parliament.uk,020 7219 5808,"",http://www.chrischope.com/,"","","","","",25799,2598,242
249,Sir Geoffrey Clifton-Brown,"Clifton-Brown, Sir Geoffrey","","",male,cliftonbrowng@parliament.uk,020 7219 5147,020 7219 2550,http://www.cliftonbrown.co.uk,"","","","","",25708,2637,249
345,Sir Edward Leigh,"Leigh, Sir Edward","","",male,edward.leigh.mp@parliament.uk,020 7219 6480,020 7219 4883,http://www.edwardleigh.org.uk,https://twitter.com/EdwardLeighMP,"","","","",25183,1455,345
350,Sir John Hayes,"Hayes, Sir John","","",male,hayesj@parliament.uk ; davieshm@parliament.uk,020 7219 1389,"","","","","","","",25491,897,350
373,Sir David Davis,"Davis, Sir David","","",male,david.davis.mp@parliament.uk,020 7219 5900,"","","","","","","",25643,2876,373
39,Sir John Whittingdale,"Whittingdale, Sir John","","",male,john.whittingdale.mp@parliament.uk,020 7219 3557,020 7219 2522,http://www.johnwhittingdale.org.uk,https://twitter.com/jwhittingdale,"","","","",25239,4590,39
3909,Pamela Nash,"Nash, Pamela","","",female,"","","","","","","","","",84901,5515,3909
3912,Richard Fuller,"Fuller, Richard","","",male,richard.fuller.mp@parliament.uk,0207 219 8602,"",https://www.richardfuller.co.uk/,"",https://www.facebook.com/RichardFullerBedfordshire/,"","","",35241,5734,3912
3914,Shabana Mahmood,"Mahmood, Shabana","","",female,shabana.mahmood.mp@parliament.uk,0121 661 9440,"",http://www.shabanamahmood.org,https://twitter.com/ShabanaMahmood,"","","","",72715,5694,3914
3924,Yasmin Qureshi,"Qureshi, Yasmin","","",female,yasmin.qureshi.mp@parliament.uk,020 7219 7019,"",http://www.yasminqureshi.org.uk,https://twitter.com/YasminQureshiMP,"","","","",35869,5523,3924
3928,Nick Smith,"Smith, Nick","","",male,nick.smith.mp@parliament.uk,020 7219 7018,020 7219 0565,http://nicksmithmp.com,https://twitter.com/BlaenauGwentMP,https://www.facebook.com/NickSmithforBlaenauGwent,"","","",72304,5532,3928
3935,Mel Stride,"Stride, Mel","","",male,mel.stride.mp@parliament.uk,020 7219 7037,"",http://melstridemp.com,https://twitter.com/meljstride,"","","","",62786,5538,3935
394,Mr Clive Betts,"Betts, Mr Clive","","",male,officeofclivebettsmp@parliament.uk,020 7219 5114,"",http://www.clivebetts.com/,"","","","","",25722,3992,394
3948,Rebecca Harris,"Harris, Rebecca","","",female,rebecca.harris.mp@parliament.uk,020 7219 7206,"","","","","","","",73064,5546,3948
3952,Mr Toby Perkins,"Perkins, Mr Toby","","",male,toby.perkins.mp@parliament.uk,020 7219 2320,"",http://www.tobyperkins.org.uk,https://twitter.com/tobyperkinsmp,"","","","",64625,5518,3952
3957,Martin Vickers,"Vickers, Martin","","",male,martin.vickers.mp@parliament.uk ; mvickersmp@parliament.uk,020 7219 7212,"",http://www.martinvickers.org.uk/,https://twitter.com/martinvickers,"","","","",40371,5540,3957
3966,Ian Murray,"Murray, Ian","","",male,ian.murray.mp@parliament.uk,020 7219 7064,"",https://www.ianmurraymp.com/,https://twitter.com/IanMurrayMP,"","","","",85111,5730,3966
3969,Damian Hinds,"Hinds, Damian","","",male,damian.hinds.mp@parliament.uk,020 7219 7057,"",http://www.damianhinds.com/,"","","","","",35480,5583,3969
3973,Grahame Morris,"Morris, Grahame","","",male,grahame.morris.mp@parliament.uk,020 7219 1283,"",http://grahamemorrismp.co.uk/,https://twitter.com/grahamemorris,"","","","",64630,5722,3973
3991,Jesse Norman,"Norman, Jesse","","",male,jesse.norman.mp@parliament.uk,020 7219 7084,"",http://www.jesse4hereford.com/,https://twitter.com/Jesse_Norman,"","","","",51624,5615,3991
3997,Sir Alec Shelbrooke,"Shelbrooke, Sir Alec","","",male,alec.shelbrooke.mp@parliament.uk,020 7219 3000,"",https://www.elmetandrothwell.com/alec,https://twitter.com/AlecShelbrooke,"","","","",35500,5639,3997
40,Sir Bernard Jenkin,"Jenkin, Sir Bernard","","",male,bernard.jenkin.mp@parliament.uk,020 7219 4029,020 7219 5963,http://www.bernardjenkinmp.com,https://twitter.com/bernardjenkin,"","","","",25515,1170,40
400,John Healey,"Healey, John","","",male,john.healey.mp@parliament.uk,020 7219 4031,"",http://www.johnhealeymp.co.uk,https://twitter.com/JohnHealey_MP,"","","","",25567,909,400
4005,Bob Blackman,"Blackman, Bob","","",male,bob.blackman.mp@parliament.uk,020 7219 7082,020 7219 2336,https://www.bobblackman.org.uk,https://twitter.com/BobBlackman,"","","","",37675,5580,4005
4008,Dame Caroline Dinenage,"Dinenage, Dame Caroline","","",female,caroline.dinenage.mp@parliament.uk,020 7219 7078; 020 7219 0198,020 7219 6874,http://caroline4gosport.co.uk/,https://twitter.com/cj_dinenage,"","","","",35430,5684,4008
4018,Mrs Helen Grant,"Grant, Mrs Helen","","",female,helen.grant.mp@parliament.uk,020 7219 7107,"",http://www.helengrant.org/,https://twitter.com/HelenGrantMP,"","","","",72264,5562,4018
4020,George Freeman,"Freeman, George","","",male,george.freeman.mp@parliament.uk,0207 219 6502,"",http://www.georgefreeman.co.uk/,https://twitter.com/GeorgeFreemanMP,"","","","",35463,5721,4020
4026,Liz Kendall,"Kendall, Liz","","",female,liz.kendall.mp@parliament.uk,020 7219 3000,"",http://www.lizkendall.org,https://twitter.com/leicesterliz,"","","","",36386,5669,4026
4029,Lilian Greenwood,"Greenwood, Lilian","","",female,lilian.greenwood.mp@parliament.uk,020 7219 7122,"",http://www.liliangreenwood.co.uk/,https://twitter.com/LilianGreenwood,"","","","",72265,5568,4029
4030,Karl Turner,"Turner, Karl","","",male,karl.turner.mp@parliament.uk,020 7219 7088,"",http://www.karlturnermp.org.uk,https://twitter.com/KarlTurnerMP,"","","","",72313,5652,4030
4031,Rachel Reeves,"Reeves, Rachel","","",female,rachel.reeves.mp@parliament.uk,020 7219 7097,"",https://www.rachelreevesmp.co.uk/,https://twitter.com/RachelReevesMP,"","","","",35872,5629,4031
4032,Stuart Andrew,"Andrew, Stuart","","",male,stuart.andrew.mp@parliament.uk,020 7219 3615,"",https://www.stuartandrew.org.uk/,https://twitter.com/stuartandrew,"","","","",62806,5565,4032
4038,Heidi Alexander,"Alexander, Heidi","","",female,"","","","","","","","","",83154,5563,4038
4040,Chris Evans,"Evans, Chris","","",male,chris.evans.mp@parliament.uk,020 7219 5025,"",https://www.chrisevansmp.com/,https://twitter.com/Chris_EvansMP,"","","","",84900,5718,4040
4046,Bridget Phillipson,"Phillipson, Bridget","","",female,bridget.phillipson.mp@parliament.uk,020 7219 7087,"",http://www.BridgetPhillipson.com,https://twitter.com/bphillipsonMP,https://www.facebook.com/bridgetphillipson,"","","",79095,5623,4046
4048,Caroline Nokes,"Nokes, Caroline","","",female,caroline.nokes.mp@parliament.uk,020 7219 7218,"",http://www.carolinenokes.com,https://twitter.com/carolinenokes,"","","","",31721,5614,4048
4051,John Glen,"Glen, John","","",male,john.glen.mp@parliament.uk,020 7219 2675,"",http://www.johnglen.org.uk/,https://twitter.com/JohnGlenUK,https://www.facebook.com/johnglenmp,"","","",43043,5557,4051
4056,Nicholas Dakin,"Dakin, Nicholas","","",male,"","","","","","","","","",83408,5672,4056
4061,Bill Esterson,"Esterson, Bill","","",male,bill.esterson.mp@parliament.uk,020 7219 0463,"",https://www.billesterson.com/,https://twitter.com/Bill_Esterson,"","","","",83727,5716,4061
4066,Priti Patel,"Patel, Priti","","",female,withammp@parliament.uk,020 7219 3528,"",https://www.priti4witham.co.uk/,https://twitter.com/pritipatel,"","","","",37703,5618,4066
4074,Mark Garnier,"Garnier, Mark","","",male,mark.garnier.mp@parliament.uk,020 7219 7198,"",http://www.markgarnier.co.uk/,https://twitter.com/Mark4WyreForest,"","","","",35520,5553,4074
4076,Valerie Vaz,"Vaz, Valerie","","",female,valerie.vaz.mp@parliament.uk,020 7219 2237,"",http://www.valerievazmp.co.uk,https://twitter.com/Valerie_VazMP,"","","","",84905,5655,4076
4077,Emma Reynolds,"Reynolds, Emma","","",female,"","","","","","","","","",52382,5630,4077
4082,Lisa Nandy,"Nandy, Lisa","","",female,lisa.nandy.mp@parliament.uk,020 7219 7188,020 7219 5152,http://www.lisanandy.co.uk,https://twitter.com/lisanandy,"","","","",54056,5612,4082
4083,Alison McGovern,"McGovern, Alison","","",female,alison.mcgovern.mp@parliament.uk,020 7219 7190,"",http://www.alisonmcgovern.org.uk/,https://twitter.com/Alison_McGovern,"","","","",84353,5702,4083
4084,Esther McVey,"McVey, Esther","","",female,esther.mcvey.mp@parliament.uk,020 7219 3226,"","","","","","","",35517,5705,4084
4088,Stella Creasy,"Creasy, Stella","","",female,stella.creasy.mp@parliament.uk ; office@workingforwalthamstow.org.uk,020 7219 6980,"",http://www.workingforwalthamstow.org.uk/,https://twitter.com/stellacreasy,"","","","",72256,5611,4088
4089,Tessa Munt,"Munt, Tessa","","",female,"","","","","","","","","",31619,5729,4089
4095,Steve Barclay,"Barclay, Steve","","",male,stephen.barclay.mp@parliament.uk,020 7219 7117,"",http://www.stevebarclay.net/,https://twitter.com/SteveBarclayMP,https://www.facebook.com/stevebarclaymp,"","","",43499,5573,4095
410,Jon Trickett,"Trickett, Jon","","",male,trickettj@parliament.uk ; jtrickett@jontrickett.org.uk,020 7219 5074,020 7219 2133,http://www.jontrickett.org.uk,https://twitter.com/jon_trickett,"","","","",25290,4334,410
4107,Dame Harriett Baldwin,"Baldwin, Dame Harriett","","",female,harriett.baldwin.mp@parliament.uk,020 7219 3000,020 7219 5151,http://www.harriettbaldwin.com/,https://twitter.com/hbaldwin,"","","","",40489,5572,4107
4108,Sir Gavin Williamson,"Williamson, Sir Gavin","","",male,gavin.williamson.mp@parliament.uk,020 7219 7245,"",http://www.gavinwilliamson.org,https://twitter.com/GWilliamsonMP,"","","","",35247,5661,4108
4110,Dame Karen Bradley,"Bradley, Dame Karen","","",female,karen.bradley.mp@parliament.uk,020 7219 7215,020 7219 6222,http://www.karenbradley.co.uk/,"","","","","",41311,5591,4110
4118,Julian Smith,"Smith, Julian","","",male,julian.smith.mp@parliament.uk,020 7219 7145,"",http://www.juliansmith.org.uk/,https://twitter.com/JulianSmithuk,"","","","",83149,5642,4118
4119,Jonathan Reynolds,"Reynolds, Jonathan","","",male,jonathan.reynolds.mp@parliament.uk,020 7219 7155,"",http://www.jonathanreynolds.org.uk,https://twitter.com/jreynoldsMP,"","","","",84903,5631,4119
4124,Chi Onwurah,"Onwurah, Chi","","",female,chi.onwurah.mp@parliament.uk,020 7219 7114,"",http://chionwurahmp.com/,https://twitter.com/ChiOnwurah,"","","","",83135,5617,4124
4125,Catherine McKinnell,"McKinnell, Catherine","","",female,catherine.mckinnell.mp@parliament.uk,020 7219 7115,"",http://www.catherinemckinnellmp.co.uk/,https://twitter.com/catmckinnell,"","","","",83507,5703,4125
4126,Mary Glindon,"Glindon, Mary","","",female,mary.glindon.mp@parliament.uk,020 7219 3000,020 7219 3272,http://www.maryglindonmp.co.uk/,"","","","","",84517,5558,4126
413,Hilary Benn,"Benn, Hilary","","",male,bennh@parliament.uk ; boxj@parliament.uk,020 7219 5770,"",http://www.hilarybennmp.com/,https://twitter.com/hilarybennmp,"","","","",25735,3953,413
4131,Jim Shannon,"Shannon, Jim","","",male,jim.shannon.mp@parliament.uk,020 7219 7160,020 7219 2347,http://www.dup.org.uk/MyProfile.asp?MemberID=62,https://twitter.com/jimshannonmp,"","","","",33634,650,4131
4138,Rushanara Ali,"Ali, Rushanara","","",female,rushanara.ali.mp@parliament.uk,020 7219 7200,"",http://www.rushanaraali.org/,https://twitter.com/rushanaraali,"","","","",58561,5735,4138
4139,Ian Lavery,"Lavery, Ian","","",male,ian.lavery.mp@parliament.uk,020 7219 3000,"",https://www.ianlavery.co.uk/,https://twitter.com/IanLaveryMP,"","","","",84518,5675,4139
415,Fabian Hamilton,"Hamilton, Fabian","","",male,fabian.hamilton.mp@parliament.uk,020 7219 3493,020 7219 5540,https://fabianhamilton.laboursites.org/,"","","","","",25563,3727,415
420,Yvette Cooper,"Cooper, Yvette","","",female,coopery@parliament.uk,020 7219 5080,"",http://www.yvettecooper.com,https://twitter.com/YvetteCooperMP,https://www.facebook.com/YvetteCooperMP,"","","",25691,2709,420
4212,Debbie Abrahams,"Abrahams, Debbie","","",female,abrahamsd@parliament.uk,020 7219 1041,"",http://www.debbieabrahams.org.uk/,https://twitter.com/Debbie_abrahams,"","","","",80556,5905,4212
4243,Dan Jarvis,"Jarvis, Dan","","",male,dan.jarvis.mp@parliament.uk ; officeofdan.jarvis.mp@parliament.uk,0207 219 1082,"",https://www.danjarvis.org,https://twitter.com/DanJarvisMP,"","","","",91415,5952,4243
4245,Paul Maskey,"Maskey, Paul","","",male,paul.maskey.mp@parliament.uk ; westbelfastmp@sinnfein.ie,0207 219 3000,"",http://www.sinnfein.ie/,https://twitter.com/PaulMaskeyMP,"","","","",58939,5387,4245
4253,Seema Malhotra,"Malhotra, Seema","","",female,seema.malhotra.mp@parliament.uk,020 7219 8957,"",http://www.seemamalhotra.com/,https://twitter.com/SeemaMalhotra1,"","","","",95400,5992,4253
4263,Lucy Powell,"Powell, Lucy","","",female,contact@lucypowell.org.uk,020 7219 4402,"",http://lucypowell.org.uk/,https://twitter.com/LucyMPowell,"","","","",60214,6002,4263
4264,Stephen Doughty,"Doughty, Stephen","","",male,stephen.doughty.mp@parliament.uk,020 7219 5348,"",https://www.stephendoughty.wales,https://twitter.com/SDoughtyMP,https://www.facebook.com/StephenDoughtyMP,"","","",61112,6001,4264
4267,Sarah Champion,"Champion, Sarah","","",female,sarah.champion.mp@parliament.uk,01709 331035; 01709 331036,"",http://www.sarahchampionmp.com/,https://twitter.com/SarahChampionMP,"","","","",101347,6005,4267
4268,Steve Reed,"Reed, Steve","","",male,steve.reed.mp@parliament.uk,020 7219 7297,"",http://www.stevereedmp.co.uk/,https://twitter.com/SteveReedMP,"","","","",101345,6003,4268
4269,Andy McDonald,"McDonald, Andy","","",male,andy.mcdonald.2nd@parliament.uk,020 7219 4995,"",http://www.andymcdonaldmp.org,https://twitter.com/AndyMcDonaldMP,"","","","",101338,6004,4269
4277,Mrs Emma Lewell-Buck,"Lewell-Buck, Mrs Emma","","",female,emma.lewell-buck.mp@parliament.uk,020 7219 4468,"","",https://twitter.com/EmmaLewellBuck,"","","","",104265,6007,4277
429,Derek Twigg,"Twigg, Derek","","",male,derek.twigg.mp@parliament.uk,020 7219 1039,020 7219 3642,http://www.derektwigg.org,https://twitter.com/DerekTwiggMP,"","","","",25293,4366,429
4316,Mike Kane,"Kane, Mike","","",male,mike.kane.mp@parliament.uk,020 7219 7524,"","",https://twitter.com/MikeKaneMP,"","","","",109778,6008,4316
4320,Robert Jenrick,"Jenrick, Robert","","",male,robert.jenrick.mp@parliament.uk,020 7219 7335,"",http://www.robertjenrick.com/,https://twitter.com/RobertJenrick,https://www.facebook.com/RobertJenrickNewark,"","","",77370,6009,4320
4356,Angela Rayner,"Rayner, Angela","","",female,angela.rayner.mp@parliament.uk,020 7219 8782,"",https://www.angelarayner.co.uk/,https://twitter.com/angelarayner,"","","","",134574,6143,4356
4357,Kirsty Blackman,"Blackman, Kirsty","","",female,kirsty.blackman.mp@parliament.uk,020 7219 8791,"",http://www.snp.org/kirsty_blackman,https://twitter.com/KirstySNP,"","","","",121772,6022,4357
4358,Wendy Morton,"Morton, Wendy","","",female,wendy.morton.mp@parliament.uk,0207 219 5909,"",http://wendymorton.co.uk/,https://twitter.com/morton_wendy,"","","","",41314,6126,4358
4359,Stephen Kinnock,"Kinnock, Stephen","","",male,stephen.kinnock.mp@parliament.uk,020 7219 8801,"",http://www.stephenkinnock.co.uk/,https://twitter.com/skinnock,https://www.facebook.com/stephenkinnock,"","","",110294,6098,4359
4360,Gavin Robinson,"Robinson, Gavin","","",male,gavin.robinson.mp@parliament.uk,02890 473111,"","",https://twitter.com/grobinsondup,"","","","",121653,6146,4360
4362,Edward Argar,"Argar, Edward","","",male,edward.argar.mp@parliament.uk,020 7219 8140,"","","","","","","",72241,6015,4362
4366,James Cleverly,"Cleverly, James","","",male,james.cleverly.mp@parliament.uk,020 7219 8593,"","",https://twitter.com/jamescleverly,"","","","",35384,6037,4366
4368,Neil Coyle,"Coyle, Neil","","",male,neil.coyle.mp@parliament.uk,020 7219 7650,"",https://neilcoyle.laboursites.org/,https://twitter.com/coyleneil,"","","","",60236,6042,4368
4370,Jess Phillips,"Phillips, Jess","","",female,jess.phillips.mp@parliament.uk,020 7219 8703,"",http://www.jessphillips.net/,https://twitter.com/jessphillips,"","","","",106164,6136,4370
4371,Brendan O'Hara,"O'Hara, Brendan","","",male,brendan.ohara.mp@parliament.uk,020 7219 8783,"",http://www.brendanoharamp.scot/ ,https://twitter.com/brendanoharasnp,"","","","",138158,6130,4371
4382,Daniel Zeichner,"Zeichner, Daniel","","",male,daniel@danielzeichner.co.uk,020 7219 8462,"",http://www.danielzeichner.co.uk/,https://twitter.com/danielzeichner,"","","","",35946,6025,4382
4384,Mike Wood,"Wood, Mike","","",male,mike.wood.mp@parliament.uk,020 7219 6982,"",http://www.mikewood.mp/,https://twitter.com/mikejwood,https://www.facebook.com/mike4dudleysouth,"","","",132423,6097,4384
4389,Ruth Cadbury,"Cadbury, Ruth","","",female,ruthcadburymp@parliament.uk ; ruth@ruthcadbury.org.uk,020 7219 8590,"",https://ruthcadbury.org/,https://twitter.com/ruthcadbury,"","","","",108781,6029,4389
4391,Judith Cummins,"Cummins, Judith","","",female,judith.cummins.mp@parliament.uk,020 7219 8607,"",http://www.judithcummins.org.uk/,https://twitter.com/judithcummins,"","","","",117593,6044,4391
4394,Imran Hussain,"Hussain, Imran","","",male,imran.hussain.mp@parliament.uk,020 7219 8636,"",https://imranhussain.laboursites.org/,https://twitter.com/Imran_HussainMP,https://en-gb.facebook.com/people/Imran-Hussain-MP/100006977733061,"","","",96076,6090,4394
4396,Rebecca Long Bailey,"Long Bailey, Rebecca","","",female,rebecca.longbailey.mp@parliament.uk,"","",http://www.rebeccalongbailey.com/,https://twitter.com/rlong_bailey,"","","","",134243,6103,4396
4397,Peter Dowd,"Dowd, Peter","","",male,peter.dowd.mp@parliament.uk,020 7219 8671,"",https://www.peterdowd.com,https://twitter.com/peter_dowd,"","","","",115805,6055,4397
4399,Victoria Atkins,"Atkins, Victoria","","",female,Victoria@victoriaatkins.org.uk,020 7219 5897,"",http://www.victoriaatkins.org.uk/,"","","","","",133995,6017,4399
4403,Chris Law,"Law, Chris","","",male,chris.law.mp@parliament.uk,"","",http://chrislaw.scot/,https://twitter.com/chrislawsnp,https://www.facebook.com/ChrisLawSNP,"","","",137565,6101,4403
4407,Nigel Huddleston,"Huddleston, Nigel","","",male,nigel.huddleston.mp@parliament.uk,020 7219 5814,"",http://www.nigelhuddleston.com/,https://twitter.com/huddlestonnigel,"","","","",72276,6088,4407
4409,Naz Shah,"Shah, Naz","","",female,naz.shah.mp@parliament.uk,020 7219 8603,"","",https://twitter.com/nazshahbfd,"","","","",138070,6151,4409
4418,Justin Madders,"Madders, Justin","","",male,justin.madders.mp@parliament.uk,020 7219 6584,"",http://www.justinmadders.com/,https://twitter.com/justinmadders,"","","","",36008,6107,4418
4425,Jo Stevens,"Stevens, Jo","","",female,jo.stevens.mp@parliament.uk,020 7219 8290,"",http://www.jostevens.co.uk/,https://twitter.com/jostevenslabour,"","","","",106240,6163,4425
4434,Stephen Gethins,"Gethins, Stephen","","",male,"","","","","","","","","",137229,6067,4434
4436,Cat Smith,"Smith, Cat","","",female,cat.smith.mp@parliament.uk,020 7219 6001,"",http://www.catsmith.co.uk/,https://twitter.com/CatSmithMP,"","","","",85177,6156,4436
4439,Alberto Costa,"Costa, Alberto","","",male,alberto.costa.mp@parliament.uk,020 7219 4936,"",http://www.albertocosta.org.uk/,https://twitter.com/albertocostamp,"","","","",72255,6039,4439
4441,Oliver Dowden,"Dowden, Oliver","","",male,oliver.dowden.mp@parliament.uk,020 7219 3415,"",http://www.oliverdowden.com/,"","","","","",92550,6056,4441
4444,Karin Smyth,"Smyth, Karin","","",female,karin.smyth.mp@parliament.uk,"","",http://karinsmyth.com/,https://twitter.com/karinsmyth,"","","","",106237,6159,4444
4449,Anna Turley,"Turley, Anna","","",female,"","","","","","","","","",45341,6177,4449
4456,Jeff Smith,"Smith, Jeff","","",male,jeff.smith.mp@parliament.uk,020 7219 5878,"",https://jeffsmithmp.com/,https://twitter.com/jeffsmithetc,"","","","",106236,6157,4456
4457,Ms Marie Rimmer,"Rimmer, Ms Marie","","",female,marie.rimmer.mp@parliament.uk,020 7219 4847,"",https://www.marierimmer.co.uk/,https://twitter.com/MarieRimmerMP,https://www.facebook.com/MarieRimmer/,"","","",110436,6145,4457
4460,Ms Nusrat Ghani,"Ghani, Ms Nusrat","","",female,nusrat.ghani.mp@parliament.uk,020 7219 4619,"",http://www.nusghani.org.uk/,https://twitter.com/nus_ghani,"","","","",84390,6068,4460
4462,Tom Tugendhat,"Tugendhat, Tom","","",male,tom.tugendhat.mp@parliament.uk,020 7219 4727,"",http://www.tomtugendhat.org.uk/,https://twitter.com/tomtugendhat,"","","","",108954,6176,4462
4464,Melanie Onn,"Onn, Melanie","","",female,"","","","","","","","","",133966,6131,4464
4471,Rachael Maskell,"Maskell, Rachael","","",female,rachael.maskell.mp@parliament.uk,020 7219 4525,"",http://www.rachaelmaskell.com/,https://twitter.com/rachaelmaskell,https://www.facebook.com/rachaelmaskell4york,"","","",137703,6111,4471
4473,Louise Haigh,"Haigh, Louise","","",female,louise.haigh.mp@parliament.uk,0207 219 5255,"",http://www.louisehaigh.org.uk/,https://twitter.com/louhaigh,"","","","",111042,6075,4473
4474,Kevin Hollinrake,"Hollinrake, Kevin","","",male,kevin.hollinrake.mp@parliament.uk,020 7219 4746,"",http://www.kevinhollinrake.org.uk/,https://twitter.com/kevinhollinrake,"","","","",62702,6086,4474
4475,Suella Braverman,"Braverman, Suella","","",female,suella.braverman.mp@parliament.uk,020 7219 8191,"",https://www.suellabraverman.co.uk/,https://twitter.com/suellabraverman,"","","","",138038,6060,4475
4479,Nick Thomas-Symonds,"Thomas-Symonds, Nick","","",male,nick.thomassymonds.mp@parliament.uk,020 7219 4294,"","",https://twitter.com/nicktorfaenmp,"","","","",64627,6168,4479
4480,Carolyn Harris,"Harris, Carolyn","","",female,carolyn.harris.mp@parliament.uk,020 7219 4316,"",http://www.carolynharris.org.uk/,https://twitter.com/carolynharris24,"","","","",136483,6078,4480
4483,Rishi Sunak,"Sunak, Rishi","","",male,rishi.sunak.mp@parliament.uk,020 7219 5437,"",http://www.rishisunak.com/,"",https://www.facebook.com/rishisunak,"","","",136507,6165,4483
4484,Alan Mak,"Mak, Alan","","",male,alan.mak.mp@parliament.uk,020 7219 6266,"",http://www.alanmak.org.uk/,https://twitter.com/AlanMakMP,https://www.facebook.com/AlanMakHavant,"","","",136491,6108,4484
449,Graham Stringer,"Stringer, Graham","","",male,graham.stringer.mp@parliament.uk,020 7219 5235,"","","","","","","",25259,4167,449
4491,Vicky Foxcroft,"Foxcroft, Vicky","","",female,vicky.foxcroft.mp@parliament.uk,020 7219 5934,"",http://www.vickyfoxcroft.org.uk/,https://twitter.com/vickyfoxcroft,"","","","",106000,6064,4491
4493,Richard Burgon,"Burgon, Richard","","",male,richard@richardburgon.com,020 7219 5980,"",http://www.richardburgon.com/,https://twitter.com/richardburgon,"","","","",109804,6028,4493
4494,Simon Hoare,"Hoare, Simon","","",male,simon.hoare.mp@parliament.uk,020 7219 5697,"","",https://twitter.com/simon4ndorset,"","","","",72275,6084,4494
4495,Kit Malthouse,"Malthouse, Kit","","",male,kit.malthouse.mp@parliament.uk,020 7219 5605,"",http://kitmalthouse.com/,https://twitter.com/kitmalthouse,https://www.facebook.com/kit.malthouse,"","","",96015,6109,4495
4500,Clive Lewis,"Lewis, Clive","","",male,clive.lewis.mp@parliament.uk,0207 219 2700,"",http://www.clivelewis.org/,https://twitter.com/labourlewis,"","","","",106025,6102,4500
4501,Gerald Jones,"Jones, Gerald","","",male,gerald.jones.mp@parliament.uk,020 7219 5874,"",http://www.geraldjones.co.uk/,https://twitter.com/geraldjoneslab,https://www.facebook.com/GeraldJonesLabour/,"","","",35103,6093,4501
4503,Chris Philp,"Philp, Chris","","",male,chris.philp.mp@parliament.uk,020 7219 3000,"",http://www.chrisphilp.com/,https://twitter.com/CPhilpOfficial,"","","","",62759,6137,4503
4504,Wes Streeting,"Streeting, Wes","","",male,wes.streeting.mp@parliament.uk,020 7219 6132,"",http://www.wesstreeting.org/,https://twitter.com/wesstreeting,"","","","",108876,6164,4504
4505,Peter Kyle,"Kyle, Peter","","",male,peter.kyle.mp@parliament.uk ; hove.portslade@parliament.uk,020 7219 1897,"",http://www.peterkyle.co.uk/,https://twitter.com/peterkyle,https://www.facebook.com/hoveandportslade,"","","",54213,6100,4505
4510,Helen Hayes,"Hayes, Helen","","",female,helen.hayes.mp@parliament.uk,020 7219 6971,"",http://www.helenhayes.org.uk/,https://twitter.com/helenhayes_,"","","","",110373,6079,4510
4511,Dr Rupa Huq,"Huq, Dr Rupa","","",female,rupa.huq.mp@parliament.uk,020 7219 6865,"","",https://twitter.com/rupahuq,"","","","",38860,6089,4511
4513,Mims Davies,"Davies, Mims","","",female,mims.davies.mp@parliament.uk,020 7219 6853,"","",https://twitter.com/mimsdavies,"","","","",128904,6048,4513
4514,Keir Starmer,"Starmer, Keir","","",male,keir.starmer.mp@parliament.uk ; keir.starmer.constituency@parliament.uk,020 7219 6234,"",http://www.keirstarmer.com/,https://twitter.com/keir_starmer,"","","","",75589,6161,4514
4515,Kate Osamor,"Osamor, Kate","","",female,kate.osamor.mp@parliament.uk,020 7219 6602,"",http://www.kateosamor.co.uk/,https://twitter.com/kateosamor,"","","","",134269,6132,4515
4518,Tulip Siddiq,"Siddiq, Tulip","","",female,tulip.siddiq.mp@parliament.uk,020 8127 5525,"",http://www.tulipsiddiq.com/,https://twitter.com/tulipsiddiq,"","","","",106201,6154,4518
4519,James Cartlidge,"Cartlidge, James","","",male,james.cartlidge.mp@parliament.uk,020 7219 4875,"","",https://twitter.com/jcartlidgemp,"","","","",35383,6031,4519
4520,Matthew Pennycook,"Pennycook, Matthew","","",male,matthew.pennycook.mp@parliament.uk,020 7219 6280,"",http://www.matthewpennycook.com/,https://twitter.com/mtpennycook,"","","","",109310,6135,4520
4521,Liz Saville Roberts,"Saville Roberts, Liz","","",female,liz.savilleroberts.mp@parliament.uk,020 7219 6876,"","",https://twitter.com/lsrplaid,https://www.facebook.com/LizSavilleRoberts,"","","",58063,6149,4521
4523,Catherine West,"West, Catherine","","",female,catherine.west.mp@parliament.uk,020 7219 6141,"",https://www.catherinewest.org.uk/about/,https://twitter.com/catherinewest1,"","","","",106391,6180,4523
4527,Helen Whately,"Whately, Helen","","",female,helen.whately.mp@parliament.uk,020 7219 6472,"",http://www.helenwhately.co.uk/,https://twitter.com/helen_whately,"","","","",137998,6181,4527
4569,Jim McMahon,"McMahon, Jim","","",male,jim.mcmahon.mp@parliament.uk,020 7219 3000,"",http://www.jimmcmahon.co.uk/,https://twitter.com/JimfromOldham,"","","","",115607,6185,4569
4571,Gill Furniss,"Furniss, Gill","","",female,gill.furniss.mp@parliament.uk,0207 219 0364,"",https://gillfurniss.com,https://twitter.com/gillfurnissmp,"","","","",41765,6187,4571
4572,Chris Elmore,"Elmore, Chris","","",male,Chris.Elmore.mp@parliament.uk,0207 219 3000,"",https://www.chriselmore.wales/,https://twitter.com/cpjelmore,https://facebook.com/ChrisElmoreMP/,"","","",105950,6186,4572
4573,Dr Rosena Allin-Khan,"Allin-Khan, Dr Rosena","","",female,rosena.allinkhan.mp@parliament.uk ; rosena@drrosena.co.uk,020 3621 2509,"",http://www.drrosena.co.uk/,https://twitter.com/DrRosena,https://www.facebook.com/DrRosena,"","","",118489,6188,4573
4591,Sarah Olney,"Olney, Sarah","","",female,sarah.olney.mp@parliament.uk ; office@saraholney.com,020 7219 4821,"",https://www.saraholney.com/,https://twitter.com/sarahjolney1,https://www.facebook.com/saraholneyld,"","","",145640,6191,4591
4592,Dr Caroline Johnson,"Johnson, Dr Caroline","","",female,caroline.johnson.mp@parliament.uk,0207 219 5381,"",http://www.carolinejohnson.co.uk/,https://twitter.com/drcarolinej,"","","","",77483,6192,4592
4595,Gareth Snell,"Snell, Gareth","","",male,"","","","","","","","","",147215,6194,4595
4597,Kemi Badenoch,"Badenoch, Kemi","","",female,kemi.badenoch.mp@parliament.uk,0207 219 1943,"","",https://twitter.com/KemiBadenoch,"","","","",140622,6199,4597
4598,Mohammad Yasin,"Yasin, Mohammad","","",male,mohammad.yasin.mp@parliament.uk ; office@mohammadyasin.org,0207 219 1513,"","","","","","","",113926,6219,4598
4601,Andrew Bowie,"Bowie, Andrew","","",male,andrew.bowie.mp@parliament.uk,0207 219 2791,"",https://www.andrewbowie.org.uk,"","","","","",148003,6200,4601
4602,Wera Hobhouse,"Hobhouse, Wera","","",female,wera.hobhouse.mp@parliament.uk ; office@werahobhouse.co.uk,020 7219 2093,"","",https://twitter.com/Wera_Hobhouse,https://www.facebook.com/WeraHobhouse,"","","",62700,6226,4602
4603,Preet Kaur Gill,"Gill, Preet Kaur","","",female,preet.gill.mp@parliament.uk,0207 219 2879,"",https://www.preetkaurgill.co.uk/,https://twitter.com/PreetKGillMP,https://www.facebook.com/PreetKaurGillMP/,"","","",116950,6218,4603
4607,Stephanie Peacock,"Peacock, Stephanie","","",female,stephanie.peacock.mp@parliament.uk,0207 219 4129,"",http://www.stephaniepeacock.org.uk/,https://twitter.com/Steph_Peacock,"","","","",76839,6255,4607
4608,John Lamont,"Lamont, John","","",male,john.lamont.mp@parliament.uk,01450 375948,"",http://www.johnlamont.org/,https://twitter.com/John2Win,https://www.facebook.com/JohnLamontBorders/,"","","",36104,6238,4608
4610,Bambos Charalambous,"Charalambous, Bambos","","",male,bambos.charalambous.mp@parliament.uk,0207 219 3460,"",https://www.bambos.org.uk/,https://twitter.com/BambosMP,"","","","",35903,6205,4610
4612,Jamie Stone,"Stone, Jamie","","",male,jamie.stone.mp@parliament.uk,0207 219 1654,"",https://www.jamiestone.org.uk/,https://twitter.com/Jamie4North,https://www.facebook.com/Jamie4North,"","","",121354,4153,4612
4613,Alex Burghart,"Burghart, Alex","","",male,alex.burghart.mp@parliament.uk,0207 219 1613,"","",https://twitter.com/alexburghart,"","","","",137715,6203,4613
4616,Rosie Duffield,"Duffield, Rosie","","",female,rosie.duffield.mp@parliament.uk ; enquiries@rosieduffieldmp.co.uk,0207 219 1183,"",http://www.rosieduffieldmp.co.uk/,https://twitter.com/RosieDuffield1,"","","","",147928,6213,4616
4617,Matt Western,"Western, Matt","","",male,matt.western.mp@parliament.uk,0207 219 2051,"",http://www.mattwestern.org/,https://twitter.com/mattwestern_,https://www.facebook.com/MattWesternMP/,"","","",117292,6275,4617
4618,Liz Twist,"Twist, Liz","","",female,liz.twist.mp@parliament.uk,0207 219 2221,"",https://www.liztwist.co.uk,"","","","","",113394,6272,4618
4620,Ellie Reeves,"Reeves, Ellie","","",female,ellie.reeves.mp@parliament.uk,020 7219 2589,"","",https://twitter.com/elliereeves,"","","","",76850,6260,4620
4621,Darren Jones,"Jones, Darren","","",male,darren.jones.mp@parliament.uk,0207 219 5225,"",http://www.darren-jones.co.uk/,https://twitter.com/darrenpjones,https://www.facebook.com/darrenjonesmp,"","","",77854,6230,4621
4623,Tonia Antoniazzi,"Antoniazzi, Tonia","","",female,tonia.antoniazzi.mp@parliament.uk,0207 219 1199,"",http://www.toniaantoniazzi.co.uk/,https://twitter.com/ToniaAntoniazzi,https://www.facebook.com/ToniaForGower,"","","",143230,6198,4623
4630,Ben Lake,"Lake, Ben","","",male,ben.lake.mp@parliament.uk,"","","",https://twitter.com/BenMLake,"","","","",147949,6237,4630
4631,Sarah Jones,"Jones, Sarah","","",female,sarah.jones.mp@parliament.uk,0207 219 2963,"",http://www.sarah-jones.org/,https://twitter.com/LabourSJ,https://www.facebook.com/CroydonSarah,"","","",53636,6231,4631
4632,Anna McMorrin,"McMorrin, Anna","","",female,anna.mcmorrin.mp@parliament.uk,0207 219 4307,"",https://www.annamcmorrin.co.uk/,https://twitter.com/annamcmorrin,"","","","",92493,6247,4632
4634,Christine Jardine,"Jardine, Christine","","",female,christine.jardine.mp@parliament.uk,0207 219 1701,"","",https://twitter.com/CajardineMP,"","","","",91069,6229,4634
4636,Chris Hazzard,"Hazzard, Chris","","",male,chris.hazzard.mp@parliament.uk ; southdownmp@gmail.com,0207 219 4004,"","",https://twitter.com/ChrisHazzardSF,"","","","",96246,6224,4636
4637,Mr James Frith,"Frith, Mr James","","",male,"","","","","","","","","",106001,6215,4637
4638,Mr Tanmanjeet Singh Dhesi,"Dhesi, Mr Tanmanjeet Singh","","",male,tan.dhesi.mp@parliament.uk,0207 219 1946,"",http://www.tsdhesi.com/,https://twitter.com/TanDhesi,https://www.facebook.com/tandhesi/,"","","",106432,6209,4638
4641,Alex Norris,"Norris, Alex","","",male,alex.norris.mp@parliament.uk,0207 219 3899,"","",https://twitter.com/AlexJJNorris,https://www.facebook.com/AlexforNottmNorthandKimberley,"","","",113121,6251,4641
4645,Emma Hardy,"Hardy, Emma","","",female,emma.hardy.mp@parliament.uk,"","","",https://twitter.com/EmmaHardyMP,"","","","",148271,6223,4645
4647,Julia Lopez,"Lopez, Julia","","",female,julia.lopez.mp@parliament.uk,0207 219 2631,"","",https://twitter.com/JuliaLopezMP,"","","","",132474,6211,4647
4651,Dan Carden,"Carden, Dan","","",male,dan.carden.mp@parliament.uk,0207 219 6236,"",www.dancardenmp.co.uk,https://twitter.com/DanCardenMP,https://www.facebook.com/DanCardenMP/,"",https://www.youtube.com/@dancardenmp,"",148167,6204,4651
4653,Stephen Morgan,"Morgan, Stephen","","",male,stephen.morgan.mp@parliament.uk,0207 219 3906,"",http://www.stephenmorgan.org.uk/,https://twitter.com/stephenmorganmp,https://www.facebook.com/StephenMorganMP,"","","",72523,6250,4653
4654,Matt Rodda,"Rodda, Matt","","",male,matt.rodda.mp@parliament.uk ; mattroddampcasework@parliament.uk,0207 219 3980,"","","","","","","",72490,6261,4654
4656,Layla Moran,"Moran, Layla","","",female,layla.moran.mp@parliament.uk,0207 219 3905,"",http://www.laylamoran.com/,https://twitter.com/laylamoran,https://www.facebook.com/LaylaMoranUK,"","","",85122,6249,4656
4657,Anneliese Dodds,"Dodds, Anneliese","","",female,anneliese.dodds.mp@parliament.uk ; anneliese.dodds.casework@parliament.uk,0207 219 2705,"",http://www.anneliesedodds.org.uk,"","","","","",35860,6212,4657
4658,Alex Sobel,"Sobel, Alex","","",male,alex.sobel.mp@parliament.uk ; alex@alexsobel.co.uk,0207 219 8295,"","",https://twitter.com/alexsobel,"","","","",35855,6269,4658
4667,Mike Amesbury,"Amesbury, Mike","","",male,mike.amesbury.mp@parliament.uk,020 7219 2072,"","",https://twitter.com/MikeAmesburymp,"","","","",115548,6197,4667
467,Sir Lindsay Hoyle,"Hoyle, Sir Lindsay","","",male,Lindsay.hoyle.mp@parliament.uk,020 7219 3000,"","",https://twitter.com/LindsayHoyle_MP,"","","","",25512,1050,467
4671,Afzal Khan,"Khan, Afzal","","",male,afzal.khan.mp@parliament.uk,020 7219 3570,"",http://www.afzalkhan.org.uk/,https://twitter.com/AfzalKhanMCR,"","","","",107134,6234,4671
4673,Jo Platt,"Platt, Jo","","",female,"","","","","","","","","",123515,6257,4673
4676,Marsha De Cordova,"De Cordova, Marsha","","",female,marsha.decordova.mp@parliament.uk,0207 219 0209,"",http://marshadecordova.co.uk/,https://twitter.com/Marshadecordova,"","","","",118780,6208,4676
4679,Neil O'Brien,"O'Brien, Neil","","",male,neil.obrien.mp@parliament.uk,0207 219 1802,"",https://www.neilobrien.org.uk/,https://twitter.com/NeilDotObrien,https://www.facebook.com/neil4harborough/,"","","",58531,6252,4679
4682,Luke Pollard,"Pollard, Luke","","",male,luke.pollard.mp@parliament.uk,0207 219 2749,"",http://www.lukepollard.org/,https://twitter.com/LukePollard,https://www.facebook.com/LukePollard/,"","","",64662,6258,4682
4697,Órfhlaith Begley,"Begley, Órfhlaith","","",female,"","","","","","","","","",151734,6279,4697
4698,Janet Daby,"Daby, Janet","","",female,janet.daby.mp@parliament.uk,"","",https://www.janetdaby.org/,https://twitter.com/JanetDaby,"","","","",114626,6280,4698
4716,Ruth Jones,"Jones, Ruth","","",female,ruth.jones.mp@parliament.uk,01633 256268,"","","","","","","",109478,6281,4716
473,Sir Mark Hendrick,"Hendrick, Sir Mark","","",male,mark.hendrick.mp@parliament.uk,020 7219 4791,020 7219 5220,http://www.prestonmp.co.uk,https://twitter.com/MpHendrick,https://www.facebook.com/profile.php?id=61555804333373,"",https://www.youtube.com/channel/UCKbuPaUvoXC8AIgS6_9ybmQ,"",25602,926,473
4735,Stephen Flynn,"Flynn, Stephen","","",male,stephen.flynn.mp@parliament.uk,"","","","","","","","",157063,6341,4735
4736,Dave Doogan,"Doogan, Dave","","",male,dave.doogan.mp@parliament.uk,0207 219 3000,"",https://davedooganmp.scot,https://twitter.com/davedoogansnp,https://www.facebook.com/davedooganMP/,"","","",143043,6326,4736
4739,Jerome Mayhew,"Mayhew, Jerome","","",male,jerome.mayhew.mp@parliament.uk,0207 219 3000,"",https://www.jeromemayhew.org.uk/,https://twitter.com/jeromemayhew,https://www.facebook.com/jeromemayhewbroadland/,"","","",157042,6376,4739
4742,Stuart Anderson,"Anderson, Stuart","","",male,stuart.anderson.mp@parliament.uk,0207 219 3000,"","","","","","","",157212,6289,4742
4743,Lee Anderson,"Anderson, Lee","","",male,lee.anderson.mp@parliament.uk,0207 219 3000,"","","","","","","",105958,6288,4743
4747,Tahir Ali,"Ali, Tahir","","",male,tahir.ali.mp@parliament.uk,020 7219 3000,"","","","","","","",116885,6286,4747
4753,Mary Kelly Foy,"Foy, Mary Kelly","","",female,mary.foy.mp@parliament.uk,0207 219 3000,"","","","","","","",113386,6342,4753
4759,Joy Morrissey,"Morrissey, Joy","","",female,joy.morrissey.mp@parliament.uk,0207 219 3000,"","","","","","","",148366,6381,4759
4764,Bell Ribeiro-Addy,"Ribeiro-Addy, Bell","","",female,bell.ribeiroaddy.mp@parliament.uk,0207 219 6695,"","","","","","","",145653,6392,4764
4765,Wendy Chamberlain,"Chamberlain, Wendy","","",female,wendy.chamberlain.mp@parliament.uk,0207 219 4409,"","",https://twitter.com/wendychambld,https://www.facebook.com/WendyChamberlainMP/,"","","",148336,6312,4765
4769,Daisy Cooper,"Cooper, Daisy","","",female,daisy.cooper.mp@parliament.uk,020 7219 8568,"","","","","","","",83612,6318,4769
4776,Munira Wilson,"Wilson, Munira","","",female,munira.wilson.mp@parliament.uk,020 7219 6474,"",https://www.munira.org.uk/,https://twitter.com/munirawilson,"","","","",62861,6418,4776
4777,Sarah Owen,"Owen, Sarah","","",female,sarah.owen.mp@parliament.uk,020 7219 8409,"",https://sarahowen.org.uk/,https://twitter.com/SarahOwen_,https://www.facebook.com/SarahOwen4LutonNorth,"","","",106128,6390,4777
4778,Greg Smith,"Smith, Greg","","",male,greg.smith.mp@parliament.uk,0207 219 4287,"",https://www.gregsmith.co.uk/,https://twitter.com/gregsmith_uk,https://www.facebook.com/gregsmith.bucks,"","","",126758,6401,4778
4779,Taiwo Owatemi,"Owatemi, Taiwo","","",female,taiwo.owatemi.mp@parliament.uk ; Taiwo.owatemi.mp@parliament.uk,020 7219 5842,"",https://taiwoowatemi.co.uk/,https://twitter.com/TaiwoOwatemi,https://www.facebook.com/TaiwoOwatemiMP,"",https://www.youtube.com/channel/UCwt3TinSgA023bLJhBtSQkw,"",157094,6389,4779
4780,Laura Trott,"Trott, Laura","","",female,laura.trott.mp@parliament.uk,020 7219 6898,"",https://www.lauratrott.org.uk/,"",https://www.facebook.com/Laura-Trott-MP-113558513519949/,"","","",86990,6409,4780
4781,Dr Luke Evans,"Evans, Dr Luke","","",male,luke.evans.mp@parliament.uk,0207 219 3000,"",https://www.drlukeevans.org.uk/,https://twitter.com/drlukeevans,https://www.facebook.com/drlukeevansmp/,"","","",134248,6333,4781
4783,Kate Osborne,"Osborne, Kate","","",female,kate.osborne.mp@parliament.uk,0191 466 1509,"","","","","","","",113307,6388,4783
4785,Dr Ben Spencer,"Spencer, Dr Ben","","",male,ben.spencer.mp@parliament.uk,0207 219 6783,"",https://www.drbenspencer.org.uk/,https://twitter.com/DrBenSpencer,https://www.facebook.com/drbenspencer/,"","","",148126,6402,4785
4786,Zarah Sultana,"Sultana, Zarah","","",female,zarah.sultana.mp@parliament.uk ; coventrysouth@parliament.uk,0207 219 8079,"",https://zarahsultana.com,https://twitter.com/zarahsultana,https://www.facebook.com/ZarahSultanaMP,"","","",157096,6405,4786
4787,James Wild,"Wild, James","","",male,james.wild.mp@parliament.uk,0207 219 3000,"","","","","","","",100604,6417,4787
4788,Fleur Anderson,"Anderson, Fleur","","",female,fleur.anderson.mp@parliament.uk,0207 219 3000,"","","","","","","",118490,6287,4788
4790,Apsana Begum,"Begum, Apsana","","",female,apsana.begum.mp@parliament.uk,0207 219 6826,"","","","","","","",157055,6297,4790
4797,James Murray,"Murray, James","","",male,james.murray.mp@parliament.uk,020 7219 3931,"",https://www.jamesmurray.org/,https://twitter.com/jamesmurray_ldn,https://www.facebook.com/james4ealing,"","","",114408,6384,4797
4798,Gareth Bacon,"Bacon, Gareth","","",male,gareth.bacon.mp@parliament.uk,0207 219 6806,"",https://www.garethbacon.com/,https://twitter.com/garethbaconmp,https://www.facebook.com/GarethBaconMP/,"","","",96001,6291,4798
4799,Charlotte Nichols,"Nichols, Charlotte","","",female,charlotte.nichols.mp@parliament.uk,0207 219 3000,"","",https://twitter.com/charlotte2153,https://www.facebook.com/CharlotteNicholsforWarringtonNorth/,"","","",157198,6385,4799
4803,Paul Holmes,"Holmes, Paul","","",male,paul.holmes.mp@parliament.uk,0207 219 3000,"",https://www.voteholmes.co.uk/,https://twitter.com/pauljholmes,https://www.facebook.com/Paul4Eastleigh,"","","",134322,6354,4803
4804,Mr Gagan Mohindra,"Mohindra, Mr Gagan","","",male,gagan.mohindra.mp@parliament.uk,0207 219 3000,"","","","","","","",83508,6379,4804
4805,Alicia Kearns,"Kearns, Alicia","","",female,alicia.kearns.mp@parliament.uk,020 7219 3000,"","","","","","","",149027,6365,4805
4806,Claire Coutinho,"Coutinho, Claire","","",female,claire.coutinho.mp@parliament.uk,0207 219 5972,"","","","","","","",157046,6319,4806
4811,Navendu Mishra,"Mishra, Navendu","","",male,navendu.mishra.mp@parliament.uk,"","",https://www.navendumishra.co.uk/,https://twitter.com/NavPMishra,https://www.facebook.com/NavenduForStockport/,"","","",148721,6378,4811
4813,Mr Richard Holden,"Holden, Mr Richard","","",male,richard.holden.mp@parliament.uk,0207 219 3059,"","",https://twitter.com/RicHolden,https://www.facebook.com/Richard4NWDurham/,"","","",137161,6353,4813
4818,Saqib Bhatti,"Bhatti, Saqib","","",male,saqib.bhatti@parliament.uk,0207 219 3423,"",https://www.saqibbhatti.org.uk/,https://twitter.com/bhatti_saqib,https://www.facebook.com/saqibbhattiofficial,"","","",157052,6300,4818
4820,Abena Oppong-Asare,"Oppong-Asare, Abena","","",female,abena.oppongasare.mp@parliament.uk,0207 219 4892,"",https://www.abenaoppongasare.com/,https://twitter.com/abenaopp,"","","","",118364,6387,4820
4822,Feryal Clark,"Clark, Feryal","","",female,feryal.clark.mp@parliament.uk,0207 219 3000,"",https://www.feryalclark.co.uk/,https://twitter.com/FeryalClark,https://www.facebook.com/FeryalEnfieldNorth,"","","",157047,6313,4822
4823,John Finucane,"Finucane, John","","",male,john.finucane.mp@parliament.uk,0207 219 3000,"","","","","","","",148086,6337,4823
4824,Kim Johnson,"Johnson, Kim","","",female,kim.johnson.mp@parliament.uk,0207 219 3000,"","","","","","","",157049,6361,4824
4827,Claire Hanna,"Hanna, Claire","","",female,claire.hanna.mp@parliament.uk,0207 219 3000,"","","","","","","",63910,6348,4827
4828,Paula Barker,"Barker, Paula","","",female,paula.barker.mp@parliament.uk,"","","","","","","","",157050,6295,4828
483,Maria Eagle,"Eagle, Maria","","",female,maria.eagle.mp@parliament.uk,020 7219 0551,"",https://www.mariaeagle.co.uk/,https://twitter.com/meaglemp,"","","","",25660,3065,483
4831,Ian Byrne,"Byrne, Ian","","",male,ian.byrne.mp@parliament.uk,0207 219 3000,"","","","","","","",157051,6308,4831
4844,Matt Vickers,"Vickers, Matt","","",male,matt.vickers.mp@parliament.uk,0207 219 3723,"",https://www.mattvickers.co.uk/,"",https://www.facebook.com/mattvickers.stockton/,"","","",157183,6410,4844
4846,Colum Eastwood,"Eastwood, Colum","","",male,colum.eastwood.mp@parliament.uk,0207 219 3000,"","","","","","","",91318,6328,4846
4849,Alex Davies-Jones,"Davies-Jones, Alex","","",female,alex.daviesjones.mp@parliament.uk,0207 219 4981,"",https://www.alexdaviesjones.com/,https://twitter.com/AlexDaviesJones,https://www.facebook.com/AlexDaviesJonesMP/,"","","",157054,6323,4849
4850,Gareth Davies,"Davies, Gareth","","",male,gareth.davies.mp@parliament.uk,0207 219 4931,"",https://www.garethdavies.co.uk/,https://twitter.com/garethdavies_mp,https://www.facebook.com/GarethDaviesMP,"","","",84436,6322,4850
4853,Dr Neil Hudson,"Hudson, Dr Neil","","",male,neil.hudson.mp@parliament.uk,01768 484114,"",https://www.neilhudson.org.uk/,"","","","","",41316,6357,4853
4857,Carla Lockhart,"Lockhart, Carla","","",female,carla.lockhart.mp@parliament.uk,0207 219 3000,"","",https://twitter.com/carlalockhart,https://www.facebook.com/CarlaLockhartMP/,"","","",121545,6369,4857
4858,Danny Kruger,"Kruger, Danny","","",male,danny.kruger.mp@parliament.uk,0207 219 7050,"",https://www.dannykruger.org.uk,https://twitter.com/danny__kruger,https://www.facebook.com/dannykrugerdevizes/,"","","",37708,6366,4858
4860,Dr Kieran Mullan,"Mullan, Dr Kieran","","",male,kieran.mullan.mp@parliament.uk,0207 219 3000,"","","","","","","",136658,6382,4860
4861,Robbie Moore,"Moore, Robbie","","",male,robbie.moore.mp@parliament.uk,0207 219 3000,"",https://www.robbiemoore.org.uk/,https://twitter.com/_RobbieMoore,https://www.facebook.com/Robbie4KeighleyandIlkley,"","","",157128,6380,4861
4864,Olivia Blake,"Blake, Olivia","","",female,olivia.blake.mp@parliament.uk,0207 219 3552,"","",https://twitter.com/_oliviablake,https://www.facebook.com/oliviablakeuk,"","","",119014,6301,4864
4869,Nadia Whittome,"Whittome, Nadia","","",female,nadia.whittome.mp@parliament.uk,0207 219 3000,"","","","","","","",157053,6416,4869
4870,Florence Eshalomi,"Eshalomi, Florence","","",female,florence.eshalomi.mp@parliament.uk,0207 219 6552,"","","","","","","",143979,6332,4870
4871,Christian Wakeford,"Wakeford, Christian","","",male,christian.wakeford.mp@parliament.uk,020 7219 6437,"",https://www.christianwakeford.org.uk,"","","","","",127385,6411,4871
4872,David Simmonds,"Simmonds, David","","",male,david.simmonds.mp@parliament.uk,0207 219 6578,"","","","","","","",126711,6399,4872
4873,Rachel Hopkins,"Hopkins, Rachel","","",female,rachel.hopkins.mp@parliament.uk,0207 219 8424,"","",https://twitter.com/rach_hopkins,"","","","",113881,6355,4873
4874,Andrew Griffith,"Griffith, Andrew","","",male,andrew.griffith.mp@parliament.uk,"","",https://www.andrewgriffithmp.com/,https://twitter.com/griffitha,https://www.facebook.com/AndrewGriffithASD,"","","",31726,6421,4874
491,Dame Angela Eagle,"Eagle, Dame Angela","","",female,eaglea@parliament.uk,020 7219 5057,"",http://www.angelaeagle.co.uk/,https://twitter.com/angelaeagle,"","","","",25642,3064,491
4918,Sarah Green,"Green, Sarah","","",female,sarah.green.mp@parliament.uk,0207 219 3000,"","","","","","","",41419,6424,4918
4923,Kim Leadbeater,"Leadbeater, Kim","","",female,kim.leadbeater.mp@parliament.uk,020 7219 4594,"",https://kim4batleyandspen.com,https://twitter.com/kimleadbeater,https://www.facebook.com/KimLeadbeaterMP,"","","",164455,6425,4923
4932,Mr Louie French,"French, Mr Louie","","",male,louie.french.mp@parliament.uk,0207 219 5446,"",https://www.louiefrench.org.uk/,https://twitter.com/louie_french,https://www.facebook.com/louiefrenchbexley,"","","",132146,6426,4932
4934,Helen Morgan,"Morgan, Helen","","",female,helen.morgan.mp@parliament.uk,020 7219 6104,"","",https://twitter.com/helenmorganmp,https://www.facebook.com/HelenMorganMP,"","","",158693,6427,4934
4938,Mrs Paulette Hamilton,"Hamilton, Mrs Paulette","","",female,paulette.hamilton.mp@parliament.uk,"","",https://paulettehamilton.org/,https://twitter.com/PauletteHamilto,https://www.facebook.com/PauletteHamiltonMP,"","","",116913,6429,4938
4942,Richard Foord,"Foord, Richard","","",male,richard.foord.mp@parliament.uk,0207 219 8790,"",https://www.richardfoord.org.uk,https://www.twitter.com/richardfoordld,https://www.facebook.com/richardfoordld,"","","",149110,6430,4942
4943,Simon Lightwood,"Lightwood, Simon","","",male,simon.lightwood.mp@parliament.uk,"","",https://www.simonlightwood.org.uk,https://twitter.com/simonlightwood,https://www.facebook.com/simonlightwoodmp,"","","",167674,6431,4943
4976,Samantha Dixon,"Dixon, Samantha","","",female,Samantha.dixon.mp@parliament.uk,020 7219 3000,"",https://samantha-dixon.co.uk/,https://twitter.com/samanthadixonmp,https://www.facebook.com/samdixonchester/,"","","",115137,6432,4976
4979,Andrew Western,"Western, Andrew","","",male,andrew.western.mp@parliament.uk,"","","",https://twitter.com/andrewhwestern,https://www.facebook.com/AndrewWesternLabour,"","","",115485,"",4979
4981,Ashley Dalton,"Dalton, Ashley","","",female,ashley.dalton.mp@parliament.uk,020 7219 0005,"",https://www.ashleydalton.uk,https://twitter.com/AshleyDalton_MP,https://www.facebook.com/AshleyDaltonLabour/,"","","","",6434,4981
4993,Keir Mather,"Mather, Keir","","",male,keir.mather.mp@parliament.uk,"","",https://www.keirmather.org/homepage/,https://twitter.com/Mather_Keir,https://www.facebook.com/KeirMatherLabour/ ,"","","","",6435,4993
4995,Sarah Dyke,"Dyke, Sarah","","",female,sarah.dyke.mp@parliament.uk,020 3545 2414,"","","","","","","",170108,6436,4995
4998,Michael Shanks,"Shanks, Michael","","",male,michael.shanks.mp@parliament.uk,"","","",https://twitter.com/mgshanks,"","","","","",6438,4998
5000,Alistair Strathern,"Strathern, Alistair","","",male,alistair.strathern.mp@parliament.uk,020 7219 6004,"","","","","","","",118734,6440,5000
5001,Sarah Edwards,"Edwards, Sarah","","",female,sarah.edwards.mp@parliament.uk,01827 794 475,"","","","","","","",170681,6439,5001
5010,Damien Egan,"Egan, Damien","","",male,damien.egan.mp@parliament.uk,"","","","","","","","",36029,6441,5010
5011,Gen Kitchen,"Kitchen, Gen","","",female,gen.kitchen.mp@parliament.uk,"","","",https://twitter.com/Gen_Kitchen_MP,"","","","",158066,6442,5011
5025,Chris Webb,"Webb, Chris","","",male,chris.webb.mp@parliament.uk,"","","","","","","","",148110,6443,5025
5028,Lewis Atkinson,"Atkinson, Lewis","","",male,"","","","","","","","","","","",5028
5029,Emma Foody,"Foody, Emma","","",female,"","","","","","","","","","","",5029
5030,Dr Simon Opher,"Opher, Dr Simon","","",male,"","","","","","","","","","","",5030
5031,Mark Ferguson,"Ferguson, Mark","","",male,"","","","","","","","","","","",5031
5032,Tom Gordon,"Gordon, Tom","","",male,"","","","","","","","","","","",5032
5033,Josh MacAlister,"MacAlister, Josh","","",male,"","","","","","","","","","","",5033
5034,Josh Newbury,"Newbury, Josh","","",male,"","","","","","","","","","","",5034
5035,Will Stone,"Stone, Will","","",male,"","","","","","","","","","","",5035
5036,Jodie Gosling,"Gosling, Jodie","","",female,"","","","","","","","","","","",5036
5037,Lola McEvoy,"McEvoy, Lola","","",female,"","","","","","","","","","","",5037
5038,Anneliese Midgley,"Midgley, Anneliese","","",female,"","","","","","","","","","","",5038
5039,Kanishka Narayan,"Narayan, Kanishka","","",male,"","","","","","","","","","","",5039
5040,Liz Jarvis,"Jarvis, Liz","","",female,"","","","","","","","","","","",5040
5041,Shaun Davies,"Davies, Shaun","","",male,"","","","","","","","","","","",5041
5042,Pam Cox,"Cox, Pam","","",female,"","","","","","","","","","","",5042
5043,Lillian Jones,"Jones, Lillian","","",female,"","","","","","","","","","","",5043
5044,Adam Thompson,"Thompson, Adam","","",male,"","","","","","","","","","","",5044
5045,Jonathan Brash,"Brash, Jonathan","","",male,"","","","","","","","","","","",5045
5046,Andrew Ranger,"Ranger, Andrew","","",male,"","","","","","","","","","","",5046
5047,James Naish,"Naish, James","","",male,"","","","","","","","","","","",5047
5048,Antonia Bance,"Bance, Antonia","","",female,"","","","","","","","","","","",5048
5049,Michelle Scrogham,"Scrogham, Michelle","","",female,"","","","","","","","","","","",5049
5050,Lewis Cocking,"Cocking, Lewis","","",male,"","","","","","","","","","","",5050
5051,Kevin Bonavia,"Bonavia, Kevin","","",male,"","","","","","","","","","","",5051
5052,Patrick Hurley,"Hurley, Patrick","","",male,"","","","","","","","","","","",5052
5053,Natalie Fleet,"Fleet, Natalie","","",female,"","","","","","","","","","","",5053
5054,Calvin Bailey,"Bailey, Calvin","","",male,"","","","","","","","","","","",5054
5055,Max Wilkinson,"Wilkinson, Max","","",male,"","","","","","","","","","","",5055
5056,Jen Craft,"Craft, Jen","","",female,"","","","","","","","","","","",5056
5057,Douglas McAllister,"McAllister, Douglas","","",male,"","","","","","","","","","","",5057
5058,Juliet Campbell,"Campbell, Juliet","","",female,"","","","","","","","","","","",5058
5059,Gurinder Josan,"Josan, Gurinder","","",male,"","","","","","","","","","","",5059
5060,Josh Simons,"Simons, Josh","","",male,"","","","","","","","","","","",5060
5061,Andrew Lewin,"Lewin, Andrew","","",male,"","","","","","","","","","","",5061
5062,Nick Timothy,"Timothy, Nick","","",male,"","","","","","","","","","","",5062
5063,Johanna Baxter,"Baxter, Johanna","","",female,"","","","","","","","","","","",5063
5064,Steve Race,"Race, Steve","","",male,"","","","","","","","","","","",5064
5065,Rachel Taylor,"Taylor, Rachel","","",female,"","","","","","","","","","","",5065
5066,Steve Darling,"Darling, Steve","","",male,"","","","","","","","","","","",5066
5067,Tony Vaughan,"Vaughan, Tony","","",male,"","","","","","","","","","","",5067
5068,Shivani Raja,"Raja, Shivani","","",female,"","","","","","","","","","","",5068
5069,Torsten Bell,"Bell, Torsten","","",male,"","","","","","","","","","","",5069
5070,Lisa Smart,"Smart, Lisa","","",female,"","","","","","","","","","","",5070
5071,Paul Waugh,"Waugh, Paul","","",male,"","","","","","","","","","","",5071
5072,Mr Andrew Snowden,"Snowden, Mr Andrew","","",male,"","","","","","","","","","","",5072
5073,Marie Goldman,"Goldman, Marie","","",female,"","","","","","","","","","","",5073
5074,Paul Foster,"Foster, Paul","","",male,"","","","","","","","","","","",5074
5075,Deirdre Costigan,"Costigan, Deirdre","","",female,"","","","","","","","","","","",5075
5076,Blair McDougall,"McDougall, Blair","","",male,"","","","","","","","","","","",5076
5077,Jacob Collier,"Collier, Jacob","","",male,"","","","","","","","","","","",5077
5078,Pippa Heylings,"Heylings, Pippa","","",female,"","","","","","","","","","","",5078
5079,Joani Reid,"Reid, Joani","","",female,"","","","","","","","","","","",5079
5080,Alan Strickland,"Strickland, Alan","","",male,"","","","","","","","","","","",5080
5081,Joe Morris,"Morris, Joe","","",male,"","","","","","","","","","","",5081
5082,Jake Richards,"Richards, Jake","","",male,"","","","","","","","","","","",5082
5083,Bobby Dean,"Dean, Bobby","","",male,"","","","","","","","","","","",5083
5084,Mrs Elsie Blundell,"Blundell, Mrs Elsie","","",female,"","","","","","","","","","","",5084
5085,Llinos Medi,"Medi, Llinos","","",female,"","","","","","","","","","","",5085
5086,Josh Babarinde,"Babarinde, Josh","","",male,"","","","","","","","","","","",5086
5087,Tom Collins,"Collins, Tom","","",male,"","","","","","","","","","","",5087
5088,Sarah Coombes,"Coombes, Sarah","","",female,"","","","","","","","","","","",5088
5089,Ben Obese-Jecty,"Obese-Jecty, Ben","","",male,"","","","","","","","","","","",5089
5090,Mr Tom Morrison,"Morrison, Mr Tom","","",male,"","","","","","","","","","","",5090
5091,Nigel Farage,"Farage, Nigel","","",male,"","","","","","","","","","","",5091
5092,David Baines,"Baines, David","","",male,"","","","","","","","","","","",5092
5093,Alison Taylor,"Taylor, Alison","","",female,"","","","","","","","","","","",5093
5094,Ms Julie Minns,"Minns, Ms Julie","","",female,"","","","","","","","","","","",5094
5095,Kirith Entwistle,"Entwistle, Kirith","","",female,"","","","","","","","","","","",5095
5096,Ian Sollom,"Sollom, Ian","","",male,"","","","","","","","","","","",5096
5097,Bayo Alaba,"Alaba, Bayo","","",male,"","","","","","","","","","","",5097
5098,Marie Tidball,"Tidball, Marie","","",female,"","","","","","","","","","","",5098
5099,Miatta Fahnbulleh,"Fahnbulleh, Miatta","","",female,"","","","","","","","","","","",5099
5100,Blake Stephenson,"Stephenson, Blake","","",male,"","","","","","","","","","","",5100
5101,Sir Ashley Fox,"Fox, Sir Ashley","","",male,"","","","","","","","","","","",5101
5102,Carla Denyer,"Denyer, Carla","","",female,"","","","","","","","","","","",5102
5103,Luke Taylor,"Taylor, Luke","","",male,"","","","","","","","","","","",5103
5104,Gill German,"German, Gill","","",female,"","","","","","","","","","","",5104
5105,Jo White,"White, Jo","","",female,"","","","","","","","","","","",5105
5106,David Burton-Sampson,"Burton-Sampson, David","","",male,"","","","","","","","","","","",5106
5107,Linsey Farnsworth,"Farnsworth, Linsey","","",female,"","","","","","","","","","","",5107
5108,Sam Rushworth,"Rushworth, Sam","","",male,"","","","","","","","","","","",5108
5109,Mr Chris Bloore,"Bloore, Mr Chris","","",male,"","","","","","","","","","","",5109
5110,Euan Stainbank,"Stainbank, Euan","","",male,"","","","","","","","","","","",5110
5111,Martin Wrigley,"Wrigley, Martin","","",male,"","","","","","","","","","","",5111
5112,Luke Akehurst,"Akehurst, Luke","","",male,"","","","","","","","","","","",5112
5113,Claire Hughes,"Hughes, Claire","","",female,"","","","","","","","","","","",5113
5114,Kirsty McNeill,"McNeill, Kirsty","","",female,"","","","","","","","","","","",5114
5115,Jon Pearce,"Pearce, Jon","","",male,"","","","","","","","","","","",5115
5116,Chris McDonald,"McDonald, Chris","","",male,"","","","","","","","","","","",5116
5117,Sarah Smith,"Smith, Sarah","","",female,"","","","","","","","","","","",5117
5118,Chris Curtis,"Curtis, Chris","","",male,"","","","","","","","","","","",5118
5119,Natasha Irons,"Irons, Natasha","","",female,"","","","","","","","","","","",5119
5120,Shockat Adam,"Adam, Shockat","","",male,"","","","","","","","","","","",5120
5121,Henry Tufnell,"Tufnell, Henry","","",male,"","","","","","","","","","","",5121
5122,Manuela Perteghella,"Perteghella, Manuela","","",female,"","","","","","","","","","","",5122
5123,Polly Billington,"Billington, Polly","","",female,"","","","","","","","","","","",5123
5124,Markus Campbell-Savours,"Campbell-Savours, Markus","","",male,"","","","","","","","","","","",5124
5125,Sorcha-Lucy Eastwood,"Eastwood, Sorcha-Lucy","","",female,"","","","","","","","","","","",5125
5126,Dave Robertson,"Robertson, Dave","","",male,"","","","","","","","","","","",5126
5127,John Slinger,"Slinger, John","","",male,"","","","","","","","","","","",5127
5128,Mr Phil Brickell,"Brickell, Mr Phil","","",male,"","","","","","","","","","","",5128
5129,Martin McCluskey,"McCluskey, Martin","","",male,"","","","","","","","","","","",5129
5130,Matt Turmaine,"Turmaine, Matt","","",male,"","","","","","","","","","","",5130
5131,Jack Abbott,"Abbott, Jack","","",male,"","","","","","","","","","","",5131
5132,Liam Conlon,"Conlon, Liam","","",male,"","","","","","","","","","","",5132
5133,Alice Macdonald,"Macdonald, Alice","","",female,"","","","","","","","","","","",5133
5134,Andy MacNae,"MacNae, Andy","","",male,"","","","","","","","","","","",5134
5135,Oliver Ryan,"Ryan, Oliver","","",male,"","","","","","","","","","","",5135
5136,Imogen Walker,"Walker, Imogen","","",female,"","","","","","","","","","","",5136
5137,Maureen Burke,"Burke, Maureen","","",female,"","","","","","","","","","","",5137
5138,Ian Roome,"Roome, Ian","","",male,"","","","","","","","","","","",5138
5139,Emily Darlington,"Darlington, Emily","","",female,"","","","","","","","","","","",5139
5140,Claire Young,"Young, Claire","","",female,"","","","","","","","","","","",5140
5141,Alex Mayer,"Mayer, Alex","","",female,"","","","","","","","","","","",5141
5142,Abtisam Mohamed,"Mohamed, Abtisam","","",female,"","","","","","","","","","","",5142
5143,Catherine Atkinson,"Atkinson, Catherine","","",female,"","","","","","","","","","","",5143
5144,Richard Quigley,"Quigley, Richard","","",male,"","","","","","","","","","","",5144
5145,Irene Campbell,"Campbell, Irene","","",female,"","","","","","","","","","","",5145
5146,Michael Payne,"Payne, Michael","","",male,"","","","","","","","","","","",5146
5147,Luke Myer,"Myer, Luke","","",male,"","","","","","","","","","","",5147
5148,Hamish Falconer,"Falconer, Hamish","","",male,"","","","","","","","","","","",5148
5149,Amanda Hack,"Hack, Amanda","","",female,"","","","","","","","","","","",5149
5150,Samantha Niblett,"Niblett, Samantha","","",female,"","","","","","","","","","","",5150
5151,David Williams,"Williams, David","","",male,"","","","","","","","","","","",5151
5152,Sureena Brackenridge,"Brackenridge, Sureena","","",female,"","","","","","","","","","","",5152
5153,Mr Cathal Mallaghan,"Mallaghan, Mr Cathal","","",male,"","","","","","","","","","","",5153
5154,Sarah Hall,"Hall, Sarah","","",female,"","","","","","","","","","","",5154
5155,Chris Kane,"Kane, Chris","","",male,"","","","","","","","","","","",5155
5156,Jess Asato,"Asato, Jess","","",female,"","","","","","","","","","","",5156
5157,Susan Murray,"Murray, Susan","","",female,"","","","","","","","","","","",5157
5158,Rupert Lowe,"Lowe, Rupert","","",male,"","","","","","","","","","","",5158
5159,Mr Connor Rand,"Rand, Mr Connor","","",male,"","","","","","","","","","","",5159
5160,Jenny Riddell-Carpenter,"Riddell-Carpenter, Jenny","","",female,"","","","","","","","","","","",5160
5161,Richard Tice,"Tice, Richard","","",male,"","","","","","","","","","","",5161
5162,Matthew Patrick,"Patrick, Matthew","","",male,"","","","","","","","","","","",5162
5163,Peter Prinsley,"Prinsley, Peter","","",male,"","","","","","","","","","","",5163
5164,Steff Aquarone,"Aquarone, Steff","","",male,"","","","","","","","","","","",5164
5165,Peter Swallow,"Swallow, Peter","","",male,"","","","","","","","","","","",5165
5166,Mr Mark Sewards,"Sewards, Mr Mark","","",male,"","","","","","","","","","","",5166
5167,Gregor Poynton,"Poynton, Gregor","","",male,"","","","","","","","","","","",5167
5168,Adam Jogee,"Jogee, Adam","","",male,"","","","","","","","","","","",5168
5169,Charlie Dewhirst,"Dewhirst, Charlie","","",male,"","","","","","","","","","","",5169
5170,John Grady,"Grady, John","","",male,"","","","","","","","","","","",5170
5171,Julia Buckley,"Buckley, Julia","","",female,"","","","","","","","","","","",5171
5172,Daniel Aldridge,"Aldridge, Daniel","","",male,"","","","","","","","","","","",5172
5173,Alex Baker,"Baker, Alex","","",female,"","","","","","","","","","","",5173
5174,Fred Thomas,"Thomas, Fred","","",male,"","","","","","","","","","","",5174
5175,Mr Alex Barros-Curtis,"Barros-Curtis, Mr Alex","","",male,"","","","","","","","","","","",5175
5176,Baggy Shanker,"Shanker, Baggy","","",male,"","","","","","","","","","","",5176
5177,Ms Ann Davies,"Davies, Ms Ann","","",female,"","","","","","","","","","","",5177
5178,Sally Jameson,"Jameson, Sally","","",female,"","","","","","","","","","","",5178
5179,Kirsteen Sullivan,"Sullivan, Kirsteen","","",female,"","","","","","","","","","","",5179
5180,Nesil Caliskan,"Caliskan, Nesil","","",female,"","","","","","","","","","","",5180
5181,Becky Gittins,"Gittins, Becky","","",female,"","","","","","","","","","","",5181
5182,Charlotte Cane,"Cane, Charlotte","","",female,"","","","","","","","","","","",5182
5183,Frank McNally,"McNally, Frank","","",male,"","","","","","","","","","","",5183
5184,Daniel Francis,"Francis, Daniel","","",male,"","","","","","","","","","","",5184
5185,Alan Gemmell,"Gemmell, Alan","","",male,"","","","","","","","","","","",5185
5186,Bradley Thomas,"Thomas, Bradley","","",male,"","","","","","","","","","","",5186
5187,Josh Dean,"Dean, Josh","","",male,"","","","","","","","","","","",5187
5188,Tracy Gilbert,"Gilbert, Tracy","","",female,"","","","","","","","","","","",5188
5189,Gordon McKee,"McKee, Gordon","","",male,"","","","","","","","","","","",5189
5190,Patricia Ferguson,"Ferguson, Patricia","","",female,"","","","","","","","","","","",5190
5191,Adam Dance,"Dance, Adam","","",male,"","","","","","","","","","","",5191
5192,Helena Dollimore,"Dollimore, Helena","","",female,"","","","","","","","","","","",5192
5193,Callum Anderson,"Anderson, Callum","","",male,"","","","","","","","","","","",5193
5194,Steve Yemm,"Yemm, Steve","","",male,"","","","","","","","","","","",5194
5195,Andrew Cooper,"Cooper, Andrew","","",male,"","","","","","","","","","","",5195
5196,Brian Leishman,"Leishman, Brian","","",male,"","","","","","","","","","","",5196
5197,Neil Shastri-Hurst,"Shastri-Hurst, Neil","","",male,"","","","","","","","","","","",5197
5198,Chris Coghlan,"Coghlan, Chris","","",male,"","","","","","","","","","","",5198
5199,Luke Charters,"Charters, Luke","","",male,"","","","","","","","","","","",5199
5200,Kenneth Stevenson,"Stevenson, Kenneth","","",male,"","","","","","","","","","","",5200
5201,Victoria Collins,"Collins, Victoria","","",female,"","","","","","","","","","","",5201
5202,Jessica Toale,"Toale, Jessica","","",female,"","","","","","","","","","","",5202
5203,Alison Griffiths,"Griffiths, Alison","","",female,"","","","","","","","","","","",5203
5204,Sarah Sackman,"Sackman, Sarah","","",female,"","","","","","","","","","","",5204
5205,Ben Goldsborough,"Goldsborough, Ben","","",male,"","","","","","","","","","","",5205
5206,Elaine Stewart,"Stewart, Elaine","","",female,"","","","","","","","","","","",5206
5207,Clive Jones,"Jones, Clive","","",male,"","","","","","","","","","","",5207
5208,Perran Moon,"Moon, Perran","","",male,"","","","","","","","","","","",5208
5209,Peter Fortune,"Fortune, Peter","","",male,"","","","","","","","","","","",5209
5210,Tom Hayes,"Hayes, Tom","","",male,"","","","","","","","","","","",5210
5211,James Asser,"Asser, James","","",male,"","","","","","","","","","","",5211
5212,Dr Scott Arthur,"Arthur, Dr Scott","","",male,"","","","","","","","","","","",5212
5213,Dr Zubir Ahmed,"Ahmed, Dr Zubir","","",male,"","","","","","","","","","","",5213
5214,Brian Mathew,"Mathew, Brian","","",male,"","","","","","","","","","","",5214
5215,Naushabah Khan,"Khan, Naushabah","","",female,"","","","","","","","","","","",5215
5216,Caroline Voaden,"Voaden, Caroline","","",female,"","","","","","","","","","","",5216
5217,Lloyd Hatton,"Hatton, Lloyd","","",male,"","","","","","","","","","","",5217
5218,David Smith,"Smith, David","","",male,"","","","","","","","","","","",5218
5219,Mike Martin,"Martin, Mike","","",male,"","","","","","","","","","","",5219
5220,Tristan Osborne,"Osborne, Tristan","","",male,"","","","","","","","","","","",5220
5221,Steve Witherden,"Witherden, Steve","","",male,"","","","","","","","","","","",5221
5222,Tom Rutland,"Rutland, Tom","","",male,"","","","","","","","","","","",5222
5223,Jim Dickson,"Dickson, Jim","","",male,"","","","","","","","","","","",5223
5224,Kate Dearden,"Dearden, Kate","","",female,"","","","","","","","","","","",5224
5225,Lizzi Collinge,"Collinge, Lizzi","","",female,"","","","","","","","","","","",5225
5226,Michelle Welsh,"Welsh, Michelle","","",female,"","","","","","","","","","","",5226
5227,Jas Athwal,"Athwal, Jas","","",male,"","","","","","","","","","","",5227
5228,Maya Ellis,"Ellis, Maya","","",female,"","","","","","","","","","","",5228
5229,Joe Powell,"Powell, Joe","","",male,"","","","","","","","","","","",5229
5230,Warinder  Juss,"Juss, Warinder","","",male,"","","","","","","","","","","",5230
5231,Mr Adnan Hussain,"Hussain, Mr Adnan","","",male,"","","","","","","","","","","",5231
5232,Mrs Lorraine Beavers,"Beavers, Mrs Lorraine","","",female,"","","","","","","","","","","",5232
5233,Lee Pitcher,"Pitcher, Lee","","",male,"","","","","","","","","","","",5233
5234,Laurence Turner,"Turner, Laurence","","",male,"","","","","","","","","","","",5234
5235,Al Carns,"Carns, Al","","",male,"","","","","","","","","","","",5235
5236,Jade Botterill,"Botterill, Jade","","",female,"","","","","","","","","","","",5236
5237,Chris Vince,"Vince, Chris","","",male,"","","","","","","","","","","",5237
5238,Alex Ballinger,"Ballinger, Alex","","",male,"","","","","","","","","","","",5238
5239,Sarah Gibson,"Gibson, Sarah","","",female,"","","","","","","","","","","",5239
5240,Melanie Ward,"Ward, Melanie","","",female,"","","","","","","","","","","",5240
5241,Ms Aphra Brandreth,"Brandreth, Ms Aphra","","",female,"","","","","","","","","","","",5241
5242,Michael Wheeler,"Wheeler, Michael","","",male,"","","","","","","","","","","",5242
5243,Andrew Pakes,"Pakes, Andrew","","",male,"","","","","","","","","","","",5243
5244,Chris Hinchliff,"Hinchliff, Chris","","",male,"","","","","","","","","","","",5244
5245,Chris Murray,"Murray, Chris","","",male,"","","","","","","","","","","",5245
5246,Torcuil Crichton,"Crichton, Torcuil","","",male,"","","","","","","","","","","",5246
5247,Sojan Joseph,"Joseph, Sojan","","",male,"","","","","","","","","","","",5247
5248,Luke Murphy,"Murphy, Luke","","",male,"","","","","","","","","","","",5248
5249,Ellie Chowns,"Chowns, Ellie","","",female,"","","","","","","","","","","",5249
5250,Mr Gideon Amos,"Amos, Mr Gideon","","",male,"","","","","","","","","","","",5250
5251,Martin Rhodes,"Rhodes, Martin","","",male,"","","","","","","","","","","",5251
5252,Rachel Gilmour,"Gilmour, Rachel","","",female,"","","","","","","","","","","",5252
5253,Richard Baker,"Baker, Richard","","",male,"","","","","","","","","","","",5253
5254,Alison Hume,"Hume, Alison","","",female,"","","","","","","","","","","",5254
5255,Joe Robertson,"Robertson, Joe","","",male,"","","","","","","","","","","",5255
5256,Jonathan Davies,"Davies, Jonathan","","",male,"","","","","","","","","","","",5256
5257,Rachel Blake,"Blake, Rachel","","",female,"","","","","","","","","","","",5257
5258,Louise Jones,"Jones, Louise","","",female,"","","","","","","","","","","",5258
5259,Jeevun Sandher,"Sandher, Jeevun","","",male,"","","","","","","","","","","",5259
5260,Katie White,"White, Katie","","",female,"","","","","","","","","","","",5260
5261,Pat Cullen,"Cullen, Pat","","",female,"","","","","","","","","","","",5261
5262,Alex Easton,"Easton, Alex","","",male,"","","","","","","","","","","",5262
5263,Alex Brewer,"Brewer, Alex","","",female,"","","","","","","","","","","",5263
5264,Jonathan Hinder,"Hinder, Jonathan","","",male,"","","","","","","","","","","",5264
5265,James MacCleary,"MacCleary, James","","",male,"","","","","","","","","","","",5265
5266,Mike Tapp,"Tapp, Mike","","",male,"","","","","","","","","","","",5266
5267,Yuan Yang,"Yang, Yuan","","",female,"","","","","","","","","","","",5267
5268,Iqbal Mohamed,"Mohamed, Iqbal","","",male,"","","","","","","","","","","",5268
5269,Lauren Sullivan,"Sullivan, Lauren","","",female,"","","","","","","","","","","",5269
5270,Darren Paffey,"Paffey, Darren","","",male,"","","","","","","","","","","",5270
5271,Satvir Kaur,"Kaur, Satvir","","",female,"","","","","","","","","","","",5271
5272,Margaret Mullane,"Mullane, Margaret","","",female,"","","","","","","","","","","",5272
5273,Connor Naismith,"Naismith, Connor","","",male,"","","","","","","","","","","",5273
5274,Sonia Kumar,"Kumar, Sonia","","",female,"","","","","","","","","","","",5274
5275,Graeme Downie,"Downie, Graeme","","",male,"","","","","","","","","","","",5275
5276,Chris Ward,"Ward, Chris","","",male,"","","","","","","","","","","",5276
5277,Graham Leadbitter,"Leadbitter, Graham","","",male,"","","","","","","","","","","",5277
5278,Uma Kumaran,"Kumaran, Uma","","",female,"","","","","","","","","","","",5278
5279,Jayne Kirkham,"Kirkham, Jayne","","",female,"","","","","","","","","","","",5279
5280,Seamus Logan,"Logan, Seamus","","",male,"","","","","","","","","","","",5280
5281,Anna Dixon,"Dixon, Anna","","",female,"","","","","","","","","","","",5281
5282,Dan Tomlinson,"Tomlinson, Dan","","",male,"","","","","","","","","","","",5282
5283,Alison Bennett,"Bennett, Alison","","",female,"","","","","","","","","","","",5283
5284,David Chadwick,"Chadwick, David","","",male,"","","","","","","","","","","",5284
5285,Katie Lam,"Lam, Katie","","",female,"","","","","","","","","","","",5285
5286,Anna Sabine,"Sabine, Anna","","",female,"","","","","","","","","","","",5286
5287,Tim Roca,"Roca, Tim","","",male,"","","","","","","","","","","",5287
5288,Al Pinkerton,"Pinkerton, Al","","",male,"","","","","","","","","","","",5288
5289,Harpreet Uppal,"Uppal, Harpreet","","",female,"","","","","","","","","","","",5289
529,Sir Alan Campbell,"Campbell, Sir Alan","","",male,alan.campbell.mp@parliament.uk,020 7219 6619,"",http://www.alancampbellmp.co.uk,https://twitter.com/alancampbellmp,"","","","",25786,2445,529
5290,Leigh Ingham,"Ingham, Leigh","","",female,"","","","","","","","","","","",5290
5291,Catherine Fookes,"Fookes, Catherine","","",female,"","","","","","","","","","","",5291
5292,Dáire Hughes,"Hughes, Dáire","","",male,"","","","","","","","","","","",5292
5293,Cat Eccles,"Eccles, Cat","","",female,"","","","","","","","","","","",5293
5294,Amanda Martin,"Martin, Amanda","","",female,"","","","","","","","","","","",5294
5295,Josh Fenton-Glynn,"Fenton-Glynn, Josh","","",male,"","","","","","","","","","","",5295
5296,Freddie Van Mierlo,"Van Mierlo, Freddie","","",male,"","","","","","","","","","","",5296
5297,Rebecca Paul,"Paul, Rebecca","","",female,"","","","","","","","","","","",5297
5298,Lauren Edwards,"Edwards, Lauren","","",female,"","","","","","","","","","","",5298
5299,Monica Harding,"Harding, Monica","","",female,"","","","","","","","","","","",5299
5300,Kevin McKenna,"McKenna, Kevin","","",male,"","","","","","","","","","","",5300
5301,Rebecca Smith,"Smith, Rebecca","","",female,"","","","","","","","","","","",5301
5302,Noah Law,"Law, Noah","","",male,"","","","","","","","","","","",5302
5303,Patrick Spencer,"Spencer, Patrick","","",male,"","","","","","","","","","","",5303
5304,Danny Chambers,"Chambers, Danny","","",male,"","","","","","","","","","","",5304
5305,Georgia Gould,"Gould, Georgia","","",female,"","","","","","","","","","","",5305
5306,Claire Hazelgrove,"Hazelgrove, Claire","","",female,"","","","","","","","","","","",5306
5307,Dr Beccy Cooper,"Cooper, Dr Beccy","","",female,"","","","","","","","","","","",5307
5308,Sam Carling,"Carling, Sam","","",male,"","","","","","","","","","","",5308
5309,Katrina Murray,"Murray, Katrina","","",female,"","","","","","","","","","","",5309
5310,Mr Lee Dillon,"Dillon, Mr Lee","","",male,"","","","","","","","","","","",5310
5311,Harriet Cross,"Cross, Harriet","","",female,"","","","","","","","","","","",5311
5312,Sadik Al-Hassan,"Al-Hassan, Sadik","","",male,"","","","","","","","","","","",5312
5313,Zöe Franklin,"Franklin, Zöe","","",female,"","","","","","","","","","","",5313
5314,Siân Berry,"Berry, Siân","","",female,"","","","","","","","","","","",5314
5315,Lee Barron,"Barron, Lee","","",male,"","","","","","","","","","","",5315
5316,Mike Reader,"Reader, Mike","","",male,"","","","","","","","","","","",5316
5317,Paul Davies,"Davies, Paul","","",male,"","","","","","","","","","","",5317
5318,Olly Glover,"Glover, Olly","","",male,"","","","","","","","","","","",5318
5319,Robin Swann,"Swann, Robin","","",male,"","","","","","","","","","","",5319
5320,Adrian Ramsay,"Ramsay, Adrian","","",male,"","","","","","","","","","","",5320
5321,Mr Paul Kohler,"Kohler, Mr Paul","","",male,"","","","","","","","","","","",5321
5322,Will Forster,"Forster, Will","","",male,"","","","","","","","","","","",5322
5323,Matt Bishop,"Bishop, Matt","","",male,"","","","","","","","","","","",5323
5324,Mrs Sarah Russell,"Russell, Mrs Sarah","","",female,"","","","","","","","","","","",5324
5325,Charles Maynard,"Maynard, Charles","","",male,"","","","","","","","","","","",5325
5326,Edward Morello,"Morello, Edward","","",male,"","","","","","","","","","","",5326
5327,Vikki Slade,"Slade, Vikki","","",female,"","","","","","","","","","","",5327
5328,Sean Woodcock,"Woodcock, Sean","","",male,"","","","","","","","","","","",5328
5329,John Milne,"Milne, John","","",male,"","","","","","","","","","","",5329
5330,Peter Bedford,"Bedford, Peter","","",male,"","","","","","","","","","","",5330
5331,Rosie Wrighting,"Wrighting, Rosie","","",female,"","","","","","","","","","","",5331
5332,Lincoln Jopp,"Jopp, Lincoln","","",male,"","","","","","","","","","","",5332
5333,Lucy Rigby,"Rigby, Lucy","","",female,"","","","","","","","","","","",5333
5334,Allison Gardner,"Gardner, Allison","","",female,"","","","","","","","","","","",5334
5335,Jess Brown-Fuller,"Brown-Fuller, Jess","","",female,"","","","","","","","","","","",5335
5336,Helen Maguire,"Maguire, Helen","","",female,"","","","","","","","","","","",5336
5337,Olivia Bailey,"Bailey, Olivia","","",female,"","","","","","","","","","","",5337
5338,Terry Jermy,"Jermy, Terry","","",male,"","","","","","","","","","","",5338
5339,Danny Beales,"Beales, Danny","","",male,"","","","","","","","","","","",5339
5340,Jack Rankin,"Rankin, Jack","","",male,"","","","","","","","","","","",5340
5341,Laura Kyrke-Smith,"Kyrke-Smith, Laura","","",female,"","","","","","","","","","","",5341
5342,John Whitby,"Whitby, John","","",male,"","","","","","","","","","","",5342
5343,Mr Joshua Reynolds,"Reynolds, Mr Joshua","","",male,"","","","","","","","","","","",5343
5344,Ben Coleman,"Coleman, Ben","","",male,"","","","","","","","","","","",5344
5345,Peter Lamb,"Lamb, Peter","","",male,"","","","","","","","","","","",5345
5346,Calum Miller,"Miller, Calum","","",male,"","","","","","","","","","","",5346
5347,David Reed,"Reed, David","","",male,"","","","","","","","","","","",5347
5348,David Taylor,"Taylor, David","","",male,"","","","","","","","","","","",5348
5349,Alex McIntyre,"McIntyre, Alex","","",male,"","","","","","","","","","","",5349
5350,Ben Maguire,"Maguire, Ben","","",male,"","","","","","","","","","","",5350
5351,Greg Stafford,"Stafford, Greg","","",male,"","","","","","","","","","","",5351
5352,Roz Savage,"Savage, Roz","","",female,"","","","","","","","","","","",5352
5353,Anna Gelderd,"Gelderd, Anna","","",female,"","","","","","","","","","","",5353
5354,Cameron Thomas,"Thomas, Cameron","","",male,"","","","","","","","","","","",5354
5355,Sarah Bool,"Bool, Sarah","","",female,"","","","","","","","","","","",5355
5356,Jim Allister,"Allister, Jim","","",male,"","","","","","","","","","","",5356
5357,Ayoub Khan,"Khan, Ayoub","","",male,"","","","","","","","","","","",5357
5358,John Cooper,"Cooper, John","","",male,"","","","","","","","","","","",5358
5359,Neil Duncan-Jordan,"Duncan-Jordan, Neil","","",male,"","","","","","","","","","","",5359
5360,David Pinto-Duschinsky,"Pinto-Duschinsky, David","","",male,"","","","","","","","","","","",5360
5361,James McMurdock,"McMurdock, James","","",male,"","","","","","","","","","","",5361
5362,Angus MacDonald,"MacDonald, Angus","","",male,"","","","","","","","","","","",5362
54,Sir Julian Lewis,"Lewis, Sir Julian","","",male,"",020 7219 4179,"",http://www.julianlewis.net,"","","","","",25560,1486,54
55,Sir Desmond Swayne,"Swayne, Sir Desmond","","",male,swayned@parliament.uk,020 7219 4886,020 7219 0901,http://www.desmondswaynemp.com,https://twitter.com/DesmondSwayne,"","","","",25258,4185,55
632,Mr Douglas Alexander,"Alexander, Mr Douglas","","",male,"","","","","","","","","",25705,3629,632
87,Sir Roger Gale,"Gale, Sir Roger","","",male,galerj@parliament.uk ; suzy@galemail.com,020 7219 4087,020 7219 6828,http://www.rogergale.co.uk,"",https://www.facebook.com/north.thanet.roger.gale,"","","",25648,3358,87
