id,name,name__en,name__es,name__nl,name__de,name__fr,name__hu,name__sv,name__sl,name__ast,name__ca,wikipedia__en,birth_date,gender,given_name,identifier__hansard,occupation,identifier__rush,original_wikiname,name__la,name__sco,name__nb,name__da,name__nn,name__it,name__zh,wikipedia__la,wikipedia__sco,wikipedia__sv,image,identifier__freebase,identifier__parliamentDOTuk,family_name,identifier__ukparliamentid,name__ru,name__ar,wikipedia__ar,honorific_prefix,identifier__democracyclub,name__ur,name__hi,name__gd,name__ja,wikipedia__de,wikipedia__fr,wikipedia__gd,wikipedia__hi,wikipedia__ru,wikipedia__ur,twitter,facebook,website,identifier__VIAF,identifier__GND,identifier__LCAuth,identifier__ISNI,name__en_ca,name__en_gb,wikipedia__commons,wikipedia__zh,identifier__publicwhip,identifier__TWFY,name__mg,name__cy,name__sq,wikipedia__mg,identifier__PACE,name__af,name__an,name__bar,name__br,name__co,name__cs,name__de_at,name__de_ch,name__eo,name__et,name__eu,name__fi,name__frp,name__fur,name__ga,name__gl,name__gsw,name__hr,name__ia,name__id,name__ie,name__io,name__is,name__kg,name__lb,name__li,name__lij,name__min,name__ms,name__nap,name__nds,name__nds_nl,name__nrm,name__nys,name__oc,name__pcd,name__pl,name__pms,name__pt,name__pt_br,name__rm,name__ro,name__sc,name__scn,name__sk,name__sr_el,name__sw,name__vec,name__vi,name__vls,name__vo,name__wa,name__wo,name__zu,name__uk,name__he,wikipedia__cy,wikipedia__simple,wikipedia__uk,identifier__NTA,identifier__current_hansard,identifier__bbc_democracy_live,identifier__parliamentary_record,name__zh_hk,name__zh_hant,name__zh_tw,name__zh_hans,wikipedia__dewikinews,wikipedia__es,wikipedia__pl,wikipedia__pt,identifier__NNDB,identifier__NPG,name__fa,wikipedia__nl,wikipedia__ro,identifier__EuroparlMEP,identifier__CSPAN,death_date,identifier__BIBSYS,identifier__NUKAT,wikipedia__ga,identifier__ni_assembly,name__zh_cn,name__ext,wikipedia__hu,wikipedia__oc,identifier__welsh_assembly,identifier__ne_se,name__kw,wikipedia__kw,name__yue,name__ko,wikipedia__it,wikipedia__ja,wikipedia__ko,wikipedia__zh_yue,identifier__national_archives,name__el,name__bn,identifier__journalisted,identifier__FAST,name__si,wikipedia__si,noble_title,name__zh_mo,name__zh_my,name__zh_sg,name__yo,identifier__NLP,name__ksh,wikipedia__cswikiquote,wikipedia__enwikiquote,wikipedia__eo,wikipedia__fa,wikipedia__fi,wikipedia__ksh,wikipedia__nn,identifier__Britannica,identifier__snac,name__tr,name__tl,wikipedia__af,wikipedia__da,wikipedia__el,wikipedia__enwikinews,wikipedia__no,wikipedia__tl,wikipedia__tr,identifier__nlg,identifier__persee,identifier__GTAA,identifier__Oxforddnb,name__pnb,wikipedia__pnb,wikipedia__eu,wikipedia__hy,name__lt,wikipedia__id,identifier__quora,name__nan,name__be,name__ku_arab,name__ku_latn,name__be_tarask,name__bg,name__mr,name__ku,name__te,wikipedia__be_x_old,wikipedia__be,wikipedia__bg,wikipedia__bn,wikipedia__ca,wikipedia__cs,wikipedia__et,wikipedia__he,wikipedia__io,wikipedia__is,wikipedia__ku,wikipedia__mr,wikipedia__ms,wikipedia__nds,wikipedia__sl,wikipedia__yo,wikipedia__zh_min_nan,identifier__nobel_prize,identifier__wikitree,wikipedia__plwikiquote,instagram,name__aa,name__ak,name__aln,name__ang,name__arn,name__ay,name__az,name__bcl,name__bi,name__bjn,name__bm,name__brh,name__bs,name__cbk_zam,name__cdo,name__ceb,name__ch,name__cho,name__chr,name__chy,name__cr,name__crh_latn,name__csb,name__diq,name__dsb,name__dtp,name__ee,name__eml,name__ff,name__fit,name__fj,name__fo,name__frr,name__fy,name__gag,name__gn,name__got,name__ha,name__hak,name__haw,name__hif_latn,name__ho,name__hsb,name__ht,name__hz,name__ig,name__ik,name__ike_latn,name__ilo,name__iu,name__jam,name__jbo,name__jv,name__kaa,name__kab,name__ki,name__kj,name__kk_latn,name__kk_tr,name__kl,name__kr,name__krj,name__lad,name__lg,name__lmo,name__ln,name__loz,name__ltg,name__lus,name__lv,name__lzz,name__map_bms,name__mi,name__mt,name__mus,name__mwl,name__na,name__nah,name__ng,name__nov,name__nso,name__nv,name__ny,name__om,name__pag,name__pam,name__pdc,name__pdt,name__pfl,name__pih,name__prg,name__qu,name__qug,name__rif,name__rmy,name__rn,name__roa_tara,name__rup,name__ruq_latn,name__rw,name__sat,name__sdc,name__se,name__sei,name__sg,name__sgs,name__sh,name__shi_latn,name__sli,name__sm,name__sma,name__sn,name__so,name__srn,name__st,name__stq,name__szl,name__tet,name__tg_latn,name__tk,name__tn,name__to,name__tpi,name__tru,name__ts,name__tt_latn,name__tum,name__ty,name__ug_latn,name__uz,name__ve,name__vep,name__vmf,name__vot,name__war,name__xh,name__za,name__zea,wikipedia__itwikiquote,wikipedia__rw,wikipedia__lv,identifier__google_knowledge,identifier__BBC_things,name__ne,wikipedia__ne,identifier__WelshBiography,name__wuu,wikipedia__ie,wikipedia__wuu,name__pa,wikipedia__pa,wikipedia__ruwikinews,name__lfn,wikipedia__lb,wikipedia__ruwikiquote,name__ckb,wikipedia__ckb,wikipedia__fawikiquote,wikipedia__vi,identifier__parlement,identifier__guardian_topic,identifier__youtube,name__sr_ec,name__sr,wikipedia__az,wikipedia__bs,wikipedia__bswikiquote,wikipedia__hr,wikipedia__hrwikiquote,wikipedia__sr,wikipedia__ukwikiquote,identifier__TED,name__mk,wikipedia__an,wikipedia__bar,wikipedia__bewikiquote,wikipedia__br,wikipedia__cawikiquote,wikipedia__eowikinews,wikipedia__fy,wikipedia__gl,wikipedia__sh,name__arz,name__ka,wikipedia__arz,wikipedia__frwikinews,wikipedia__ka,wikipedia__pam,wikipedia__sk,identifier__britishmuseum,name__tg,name__tt,name__hy,name__th,name__mzn,wikipedia__ay,wikipedia__enwikisource,wikipedia__mzn,wikipedia__sq,wikipedia__tg,wikipedia__tt,identifier__bigenc_ru,identifier__BAV,name__lrc,wikipedia__hiwikiquote,wikipedia__lrc,identifier__oireachtas,identifier__ricorso,name__frc,name__pap,name__rgn,email,linkedin,identifier__flickr,name__azb,wikipedia__azb,identifier__ORCID,name__ta,wikipedia__ta,name__or,wikipedia__th,name__xmf,name__ml,wikipedia__ast,wikipedia__bgwikiquote,wikipedia__ilo,wikipedia__scn,wikipedia__xmf,identifier__allmovie,identifier__SFDb,identifier__PORT,identifier__CSFD,identifier__SCOPE,identifier__DNF,identifier__elonet,wikipedia__qu,married_name,wikipedia__cywikiquote,name__gom,wikipedia__fo,wikipedia__gom,wikipedia__trwikiquote,name__gv,name__new,name__yi,name__mn,wikipedia__afwikiquote,wikipedia__als,wikipedia__bat_smg,wikipedia__bi,wikipedia__eswikinews,wikipedia__fiwikiquote,wikipedia__gv,wikipedia__ha,wikipedia__ht,wikipedia__hywikiquote,wikipedia__lt,wikipedia__mn,wikipedia__new,wikipedia__nov,wikipedia__nowikiquote,wikipedia__pih,wikipedia__so,wikipedia__srwikinews,wikipedia__tpi,wikipedia__uz,wikipedia__war,wikipedia__wo,wikipedia__yi,wikipedia__zhwikinews,identifier__politifact,wikipedia__slwikiquote,name__kana,wikipedia__lmo,wikipedia__ml,wikipedia__nlwikinews,name__kk,name__sa,name__mai,name__kn,name__kbp,name__bho,name__ce,name__am,name__ss,name__ps,wikipedia__am,wikipedia__bcl,wikipedia__bh,wikipedia__ceb,wikipedia__ce,wikipedia__diq,wikipedia__eml,wikipedia__eswikiquote,wikipedia__hsb,wikipedia__jv,wikipedia__kbp,wikipedia__kk,wikipedia__kn,wikipedia__mai,wikipedia__mk,wikipedia__nlwikiquote,wikipedia__ps,wikipedia__ptwikinews,wikipedia__ptwikiquote,wikipedia__sa,wikipedia__ss,wikipedia__sw,wikipedia__szl,wikipedia__azwikiquote,wikipedia__li,wikipedia__svwikiquote,wikipedia__arwikinews,wikipedia__vo,name__my,name__os,name__ks,name__dty,wikipedia__dsb,wikipedia__dty,wikipedia__hak,wikipedia__hewikiquote,wikipedia__ks,wikipedia__liwikiquote,wikipedia__my,wikipedia__or,wikipedia__os,wikipedia__thwikiquote,wikipedia__trwikinews,wikipedia__zu,identifier__nyt_topic,name__gu,name__ky,name__hyw,wikipedia__gu,wikipedia__hyw,wikipedia__ky,identifier__google_plus,identifier__debretts_today,name__sd,identifier__DoUB,name__lo,wikipedia__lo,wikipedia__rm,name__vro,wikipedia__arwikiquote,wikipedia__fiu_vro,wikipedia__ia,wikipedia__kowikinews,wikipedia__mi,wikipedia__pms,wikipedia__svwikinews,identifier__BiblioNet,identifier__PTBNP,wikipedia__zea,identifier__CERL,name__ace,name__egl,name__hil,name__su,wikipedia__nds_nl,identifier__LAC,weblog,wikipedia__ban,name__ban,name__no,parlid
Q13529989,Michael Mates,Michael Mates,Michael Mates,Michael Mates,Michael Mates,Michael Mates,Michael Mates,Michael Mates,Michael Mates,Michael Mates,Michael Mates,Michael Mates,1934-06-09,male,Michael,mr-michael-mates,politician,475,,,,,,,Michael Mates,米高·馬泰什,,,,,,Commons/member/49,Mates,CzFChgYE,,,,The Right Honourable,,,,,,Michael Mates,,,,,,,,,162820284,,n91108980,0000 0001 1711 263X,,,,,,,,,,,,,,,,,,,,,,,,,,,,,,,,,,,,,,,,,,,,,,,,,,,,,,,,,,,,,,,,,,,,,,,,,,,,邁克爾·邁特斯,,迈克尔·迈特斯,,,,,,,,,,,,,,n96211911,,,,,,,,,,,,,,,,,F78391,,,,,,,,,,,,,,,,,,,,,,,,,,,,,,,,,,,,,,,,,,,,,,,,,,,,,,,,,,,,,,,,,,,,,,,,,,,,,,,,,,,,,,,,,,,,,,,,,,,,,,,,,,,,,,,,,,,,,,,,,,,,,,,,,,,,,,,,,,,,,,,,,,,,,,,,,,,,,,,,,,,,,,,,,,,,,,,,,,,,,,,,,,,,,,,,,,,,,,,,,,,,,,,,,,,,,,,,,,,,,,,,,,,,,,,,,,,,,,,,,,,,,,,,,,,,,,,,,,,,,,,,,,,,,,,,,,,,,,,,,,,,,,,,,,,,,,,,,,,,,,,,,,,,,,,,,,,,,,,,,,,,,,,,,,,,,,,,,,,,,,,,,,,,,,,,,,,,,,,,,,,,,,,,,,,,,,,,,,,,,,,,,,,,,,,,,,,,,,,,,,,,,,,,,,,,,,,,,,,,,,,,,,,,,,,,,,,,,,,49
Q14948811,John Nicolson,John Nicolson,John Nicolson,John Nicolson,John Nicolson,John Nicolson,John Nicolson,John Nicolson,John Nicolson,John Nicolson,John Nicolson,John Nicolson,1961-06-23,male,John,,politician,,,,John Nicolson,,,,John Nicolson,約翰·尼科爾森,,John Nicolson,,https://upload.wikimedia.org/wikipedia/commons/3/31/John_Nicolson_MP.jpg,/m/04f0jjp,commons/john-nicolson/4415,Nicolson,Ob0RsV86,,,,,5926,,,,,John Nicolson,,,,,,MrJohnNicolson,JohnN.SNP,,,,,,,,Category:John Nicolson,約翰·尼科爾森,,25281,,John Nicolson,,,,,,,,,,,,,,,,,,,John Nicolson,,,,,,,,,,,,,,,,,,,,,,,,,,,,,,,,,,,,,,,,,John Nicolson,,,,,137206,,,,,,,,,,,,,,,,,,,,,,,,,,,,,,,,,,,,,,,,,,,,,,,,,,,,,,,,,,,,,,,,,,,,,,,,,,,,,,,,,,,,,,,,,,,,John Nicolson,,,,,,,,,,,,,,,,,,,,,,,,,,,,,,,,,,,,,,,,,,,,,,,,,,,,,,,,,,,,,,,,,,,,,,,,,,,,,,,,,,,,,,,,,,,,,,,,,,,,,,,,,,,,,,,,,,,,,,,,,,,,,,,,,,,,,,,,,,,,,,,,,,,,,,,,,,,,,,,,,,,,,,,,,,,,,,,,,,,,,,,,,,,,,,,,,,,,,,,,,,,,,,,,,,,,,,,,,,,,,,,,,,,,,,,,,,,,,,,,,,,,,,,,,,,,,,,,,,,,,,,,,,,,,,,,,,,,,,,,,,,,,,,,,,,,,,,,,,,,,,,,,,,,,,,,,,,,,,,,,,,,,,,,,,,,,,,,,,,,,,,,,,,,,,,,,,,,,,,,,,,,,,,,,,,,,,,,,,,,,,,4415
Q1672680,"Martin O'Neill, Baron O'Neill of Clackmannan","Martin O'Neill, Baron O'Neill of Clackmannan","Martin O'Neill, Baron O'Neill of Clackmannan","Martin O'Neill, Baron O'Neill of Clackmannan","Martin O’Neill, Baron O’Neill of Clackmannan",Martin O'Neill,"Martin O'Neill, Baron O'Neill of Clackmannan","Martin O'Neill, Baron O'Neill of Clackmannan",Martin O'Neill,,Martin O'Neill,"Martin O'Neill, Baron O'Neill of Clackmannan",1945-01-06,male,Martin,mr-martin-oneill,politician,536,,,,,,,"Martin O'Neill, Baron O'Neill of Clackmannan",馬丁·歐尼爾,,,,https://upload.wikimedia.org/wikipedia/commons/6/6b/Official_portrait_of_Lord_O'Neill_of_Clackmannan.jpg,/m/026nk9,lords/lord-o'neill-of-clackmannan/629,O'Neill,iJHCJ1kY,,,,,,,,,,"Martin O’Neill, Baron O’Neill of Clackmannan",,,,,,,,,,,,,,,,,,,,,,,,,,,,,,,,,,,,,,,,,,,,,,,,,,,,,,,,,,,,,,,,,,,,,,,,,,,,,,,,,,,,,,,,,,,,,,,,,,,,,,,,,,,,,,,,,,,,,,,,,,,,,,,,,,,,,,,,,,,,,,,,,,,,,,,,,,,,,,,,,,,,,,,,,,,,,,,,,,,,,,,,,,,,,,,,,,,,,,,,,,,,,,,,,,,,,,,,,,,,,,,,,,,,,,,,,,,,,,,,,,,,,,,,,,,,,,,,,,,,,,,,,,,,,,,,,,,,,,,,,,,,,,,,,,,,,,,,,,,,,,,,,,,,,,,,,,,,,,,,,,,,,,,,,,,,,,,,,,,,,,,,,,,,,,,,,,,,,,,,,,,,,,,,,,,,,,,,,,,,,,,,,,,,,,,,,,,,,,,,,,,,,,,,,,,,,,,,,,,,,,,,,,,,,,,,,,,,,,,,,,,,,,,,,,,,,,,,,,,,,,,,,,,,,,,,,,,,,,,,,,,,,,,,,,,,,,,,,,,,,,,,,,,,,,,,,,,,,,,,,,,,,,,,,,,,,,,,,,,,,,,,,,,,,,,,,,,,,,,,629
Q19059607,Paul Monaghan,Paul Monaghan,Paul Monaghan,Paul Monaghan,Paul Monaghan,Paul Monaghan,Paul Monaghan,Paul Monaghan,Paul Monaghan,Paul Monaghan,Paul Monaghan,Paul Monaghan,1966-11-11,male,Paul,,politician,,,,,,,,Paul Monaghan,保羅·摩納漢,,,,,,commons/dr-paul-monaghan/4383,Monaghan,uRirm8S1,,,,,5923,,,,,Paul Monaghan,,,,,,_PaulMonaghan,DrPaulMonaghanSNP,http://paulmonaghan.scot,,,,,,,,保羅·摩納漢,,25339/paul_monaghan/caithness%2C_sutherland_and_easter_ross,,Paul Monaghan,,,,,,,,,,,,,,,,,,,,,,,,,,,,,,,,,,,,,,,,,,,,,,,,,,,,,,,,,,,,Paul Monaghan,,,,,137266,,,,,,,,,,,,,,,,,,,,,,,,,,,,,,,,,,,,,,,,,,,,,,,,,,,,,,,,,,,,,,,,,,,,,,,,,,,,,,,,,,,,,,,,,,,,,,,,,,,,,,,,,,,,,,,,,,,,,,,,,,,,,,,,,,,,,,,,,,,,,,,,,,,,,,,,,,,,,,,,,,,,,,,,,,,,,,,,,,,,,,,,,,,,,,,,,,,,,,,,,,,,,,,,,,,,,,,,,,,,,,,,,,,,,,,,,,,,,,,,,,,,,,,,,,,,,,,,,,,,,,,,,,,,,,,,,,,,,,,,,,,,,,,,,,,,,,,,,,,,,,,,,,,,,,,,,,,,,,,,,,,,,,,,,,,,,,,,,,,,,,,,,,,,,,,,,,,,,,,,,,,,,,,,,,,,,,,,,,,,,,,,,,,,,,,,,,,,,,,,,,,,,,,,,,,,,,,,,,,,,,,,,,,,,,,,,,,,,,,,,,,,,,,,,,,,,,,,,,,,,,,,,,,,,,,,,,,4383
Q19882922,Douglas Chapman,Douglas Chapman,Douglas Chapman,Douglas Chapman,Douglas Chapman,Douglas Chapman,Douglas Chapman,Douglas Chapman,Douglas Chapman,Douglas Chapman,Douglas Chapman,Douglas Chapman (Scottish politician),1955-01-05,male,Douglas,,politician,,,,Douglas Chapman,,,,Douglas Chapman,,,Douglas Chapman (Scots politeecian),,https://upload.wikimedia.org/wikipedia/commons/d/d3/Official_portrait_of_Douglas_Chapman_crop_2.jpg,/m/013706d_,commons/douglas-chapman/4402,Chapman,8G4Pnqgn,Дуглас Чэпман,دوغلاس شابمان,دوغلاس شابمان,,6050,,,,,Douglas Chapman,Douglas Chapman,,,,,DougChapmanSNP,DougChapmanSNP,,,,,,Douglas Chapman,Douglas Chapman,Category:Douglas Chapman,,,25305/douglas_chapman/dunfermline_and_west_fife,,Douglas Chapman,,,,,,,,,,,Douglas Chapman,,,,,,,Douglas Chapman,,,,,,,,,,,,,,,,,,,,,,,,,,,,,,,,,,,,,,,,,,Douglas Chapman,,,,,38326,,,,,,,,,,,,,,,,,,,,Douglas Chapman,,,,,,,,,,,,,,,,,,,,,,,,,,,,,,,,,,,,,,,,,,,,,,,,,,,,,,,,,,,,,,,,,,,,,,,,,,,,,,,,,,,,,,,,,,,,,,,,,,,,,,,,,,,,,,,,,,,,,,,,,,,,,,,,,,,,,,,,,,,,,,,,,,,,,,,,,,,,,,,,,,,,,,,,,,,,,,,,,,,,,,,,,,,,,,,,,,,,,,,,,,,,,,,,,,,,,,,,,,,,,,,,,,,,,,,,,,,,,,,,,,,,,,,,,,,,,,,,,,,,,,,,,,,,,,,,,,,,,,,,,,,,,,,,,,,,,,,,,,,,,,,,,,,,,,,,,,,,,,,,,,,,,,,,,,,,,,,,,,,,,,,,,,,,,,,,,,,,,,,,,,,,,,,,,,,,,,,,,,,,,,,,,,,,,,,,,,,,,,,,,,,,,,,,,,,,,,,,,,,,,,,,,,,,,,,,,,,,,,,,,,,,,,,,,,,,,,,4402
Q19883145,Gavin Newlands,Gavin Newlands,Gavin Newlands,Gavin Newlands,Gavin Newlands,Gavin Newlands,Gavin Newlands,Gavin Newlands,Gavin Newlands,Gavin Newlands,Gavin Newlands,Gavin Newlands,1980-02-02,male,Gavin,,politician,,,,Gavin Newlands,,,,Gavin Newlands,加文·紐蘭斯,,Gavin Newlands,,https://upload.wikimedia.org/wikipedia/commons/2/23/Official_portrait_of_Gavin_Newlands_crop_2.jpg,/m/0136_6rc,commons/gavin-newlands/4420,Newlands,mmQLuf3U,,,,,6054,,,,,Gavin Newlands,,,,,,GavNewlandsSNP,gavinnewlandsmp,,,,,,,,,加文·紐蘭斯,,25291/gavin_newlands/paisley_and_renfrewshire_north,,Gavin Newlands,,,,,,,,,,,,,,,,,,Gavin Newlands,,,,,,,,,,,,,,,,,,,,,,,,,,,,,,,,,,,,,,,,,,Gavin Newlands,,,,,138156,,,,,,,,,,,,,,,,,,,,Gavin Newlands,,,,,,,,,,,,,,,,,,,,,,,,,,,,,,,,,,,,,,,,,,,,,,,,,,,,,,,,,,,,,,,,,,,,,,,,,,,,,,,,,,,,,,,,,,,,,,,,,,,,,,,,,,,,,,,,,,,,,,,,,,,,,,,,,,,,,,,,,,,,,,,,,,,,,,,,,,,,,,,,,,,,,,,,,,,,,,,,,,,,,,,,,,,,,,,,,,,,,,,,,,,,,,,,,,,,,,,,,,,,,,,,,,,,,,,,,,,,,,,,,,,,,,,,,,,,,,,,,,,,,,,,,,,,,,,,,,,,,,,,,,,,,,,,,,,,,,,,,,,,,,,,,,,,,,,,,,,,,,,,,,,,,,,,,,,,,,,,,,,,,,,,,,,,,,,,,,,,,,,,,,,,,,,,,,,,,,,,,,,,,,,,,,,,,,,,,,,,,,,,,,,,,,,,,,,,,,,,,,,,,,,,,,,,,,,,,,,,,,,,,,,,,,,,,,,,,,,4420
Q19957949,Margaret Greenwood,Margaret Greenwood,Margaret Greenwood,Margaret Greenwood,Margaret Greenwood,Margaret Greenwood,Margaret Greenwood,Margaret Greenwood,Margaret Greenwood,Margaret Greenwood,Margaret Greenwood,Margaret Greenwood,1959-03-14,female,Margaret,,politician,,,,Margaret Greenwood,Margaret Greenwood,Margaret Greenwood,Margaret Greenwood,Margaret Greenwood,瑪格麗特·格林伍德,,,,https://upload.wikimedia.org/wikipedia/commons/c/c2/Margaret_Greenwood_21-10-2015_1.jpg,,commons/margaret-greenwood/4400,Greenwood,HVV6JOgA,,,,,4469,,,Margaret Greenwood,,,Margaret Greenwood,,,,,MGreenwoodWW,margaretgreenwoodww,,,,,,Margaret Greenwood,Margaret Greenwood,Category:Margaret Greenwood,,,,Margaret Greenwood,Margaret Greenwood,,,,Margaret Greenwood,Margaret Greenwood,Margaret Greenwood,Margaret Greenwood,Margaret Greenwood,Margaret Greenwood,Margaret Greenwood,Margaret Greenwood,Margaret Greenwood,Margaret Greenwood,Margaret Greenwood,Margaret Greenwood,Margaret Greenwood,Margaret Greenwood,Margaret Greenwood,Margaret Greenwood,Margaret Greenwood,Margaret Greenwood,Margaret Greenwood,Margaret Greenwood,Margaret Greenwood,Margaret Greenwood,Margaret Greenwood,Margaret Greenwood,Margaret Greenwood,Margaret Greenwood,Margaret Greenwood,Margaret Greenwood,Margaret Greenwood,Margaret Greenwood,Margaret Greenwood,Margaret Greenwood,Margaret Greenwood,,Margaret Greenwood,Margaret Greenwood,Margaret Greenwood,Margaret Greenwood,Margaret Greenwood,Margaret Greenwood,Margaret Greenwood,Margaret Greenwood,Margaret Greenwood,Margaret Greenwood,Margaret Greenwood,Margaret Greenwood,Margaret Greenwood,Margaret Greenwood,Margaret Greenwood,Margaret Greenwood,Margaret Greenwood,Margaret Greenwood,Margaret Greenwood,Margaret Greenwood,,,,,,,,,,,瑪格麗特·格倫伍德,,玛格丽特·格伦伍德,,,,,,,,,,,,,,,,,,,,,,,,,,,,,,,,,,,,,,,,,,,,,,,,,,,,,,,,,,,,,,,,,,,,,,,,,,,,,,,,,,,,,,,,,,,,,,,,,,,,,,,,,,,,,,,,,,,,,,,,,,,,,,,,,,,,,,,,,,,,,,,,,,,,,,,,,,,,,,,,,,,,,,,,,,,,,,,,,,,,,,,,,,,,,,,,,,,,,,,,,,,,,,,,,,,,,,,,,,,,,,,,,,,,,,,,,,,,,,,,,,,,,,,,,,,,,,,,,,,,,,,,,,,,,,,,,,,,,,,,,,,,,,,,,,,,,,,,,,,,,,,,,,,,,,,,,,,,,,,,,,,,,,,,,,,,,,,,,,,,,,,,,,,,,,,,,,,,,,,,,,,,,,,,,,,,,,,,,,,,,,,,,,,,,,,,,,,,,,,,,,,,,,,,,,,,,,,,,,,,,,,,,,,,,,,,,,,,,,,,,,,,,,,,,,,,,,,,,,,,,,,,,,,,,,4400
Q2078620,"Peter Temple-Morris, Baron Temple-Morris","Peter Temple-Morris, Baron Temple-Morris","Peter Temple-Morris, Baron Temple-Morris","Peter Temple-Morris, Baron Temple-Morris","Peter Temple-Morris, Baron Temple-Morris","Peter Temple-Morris, Baron Temple-Morris","Peter Temple-Morris, Baron Temple-Morris","Peter Temple-Morris, Baron Temple-Morris",Peter Temple-Morris,,"Peter Temple-Morris, Baron Temple-Morris",Peter Temple-Morris,1938-02-12,male,Peter,mr-peter-temple-morris,politician,661,,,"Peter Temple-Morris, Baron Temple-Morris",,,,"Peter Temple-Morris, Baron Temple-Morris",,,,,,,lords/lord-temple-morris/267,,flVOEbK8,,,,The Right Honourable,,,,"Peter Temple-Morris, Baron Temple-Morris",,"Peter Temple-Morris, Baron Temple-Morris",,,,,,,,,,,,,,,,,,,,"Peter Temple-Morris, barwn Temple-Morris","Peter Temple-Morris, Baron Temple-Morris",,,,,,"Peter Temple-Morris, Baron Temple-Morris",,,,,"Peter Temple-Morris, Baron Temple-Morris",,"Peter Temple-Morris, Baron Temple-Morris",,,,"Peter Temple-Morris, Baron Temple-Morris","Peter Temple-Morris, Baron Temple-Morris",,,,"Peter Temple-Morris, Baron Temple-Morris",,,,,,,,,,,,,,,"Peter Temple-Morris, Baron Temple-Morris","Peter Temple-Morris, Baron Temple-Morris",,,"Peter Temple-Morris, Baron Temple-Morris",,,,,,,,,,"Peter Temple-Morris, Baron Temple-Morris",,,,,,,,Peter Temple-Morris,Peter Temple-Morris,,,,,,,,,,,,,,,mp164584,,,,,,2018-05-01,,,,,,,,,,,,,,,,,,,F77323,,,,,,,,,,,,,,,,,,,,,,,,,,,,,,,,,,,,,,,,,,,,,,,,,,,,,,,,,,,,,,,,,,,,,,,,,,,,,,,,,,,,,,,,,,,,,,,,,,,,,,,,,,,,,,,,,,,,,,,,,,,,,,,,,,,,,,,,,,,,,,,,,,,,,,,,,,,,,,,,,,,,,,,,,,,,,,,,,,,,,,,,,,,,,,,,,,,,,,,,,,,,,,,,,,,,,,,,,,,,,,,,,,,,,,,,,,,,,,,,,,,,,,,,,,,,,,,,,,,,,,,,,,ปีเตอร์ เทมเปิล-มอร์ริส,,,,,,,,,,,,,,,,,,,,,,,,,,,ปีเตอร์ เทมเปิล-มอร์ริส,,,,,,,,,,,,,,,,,,,,,,,,,,,,,,,,,,,,,,,,,,,,,,,,,,,,,,,,,,,,,,,,,,,,,,,,,,,,,,,,,,,,,,,,,,,,,,,,,,,,,,,,,,,,,,,,,,,,,,,,,,,,,,,,,,,,,,,,,,,,,,,,,,267
Q263767,Brian Binley,Brian Binley,Brian Binley,Brian Binley,Brian Binley,Brian Binley,Brian Binley,Brian Binley,Brian Binley,Brian Binley,Brian Binley,Brian Binley,1942-04-01,male,Brian,mr-brian-binley,politician,9539,,,Brian Binley,,,,Brian Binley,,,Brian Binley,,,/m/0691j3,commons/mr-brian-binley/1550,Binley,pE4UfMvG,,,,,,,,,,,,,,,,,,,161145542637196641662,,,,Brian Binley,Brian Binley,,,Brian_Binley,brian_binley,,,,,6654,,,,,,,,,,,,,,,,,,,,,,,,,,,,,,,,,,,,,,,,,,,,,,,,,,,,,,,,,,,,,4747,,,,,,,,,,,,,,,,,,,,,,,,,,,,,,,,,,,,,,,,,,,,,,,,,,,,,,,,,,,,,,,,,,,,,,,,,,,,,,,,,,,,,,,,,,,,,,,,,,,,,,,,,,,,,,,,,,,,,,,,,,,,,,,,,,,,,,,,,,,,,,,,,,,,,,,,,,,,,,,,,,,,,,,,,,,,,,,,,,,,,,,,,,,,,,,,,,,,,,,,,,,,,,,,,,,,,,,,,,,,,,,,,,,,,,,,,,,,,,,,,,,,,,,,,,,,,,,,,,,,,,,,,,,,,,,,,,,,,,,,,,,,,,,,,,,,,,,,,,,,,,,,,,,,,,,,,,,,,,,,,,,,,,,,,,,,,,,,,,,,,,,,,,,,,,,,,,,,,,,,,,,,,,,,,,,,,,,,,,,,,,,,,,,,,,,,,,,,,,,,,,,,,,,,,,,,,,,,,,,,,,,,,,,,,,,,,,,,,,,,,,,,,,,,,,,,,,,,,,,,,,,,,,,,,,,,,,,,1550
Q264374,Heather Wheeler,Heather Wheeler,Heather Wheeler,Heather Wheeler,Heather Wheeler,Heather Wheeler,Heather Wheeler,Heather Wheeler,Heather Wheeler,Heather Wheeler,Heather Wheeler,Heather Wheeler,1959-05-14,female,Heather,,politician,,,,,Heather Wheeler,Heather Wheeler,Heather Wheeler,Heather Wheeler,希瑟·惠勒,,,,https://upload.wikimedia.org/wikipedia/commons/6/67/Official_portrait_of_Mrs_Heather_Wheeler_(cropped).jpg,/m/0bwmdtp,commons/heather-wheeler/4053,Wheeler,hGqCOo3s,,,,,487,,,,ヒーザー・ウィーラー,,Heather Wheeler,,,,,HeatherWheeler,heatherwheeler4southderbyshire,http://www.heatherwheeler.org.uk/,,,,,Heather Wheeler,Heather Wheeler,Category:Heather Wheeler,,heather_wheeler,heather_wheeler,,,,,,,,,,,,,,,,,,,,,,,,,,,,,,,,,,,,,,,,,,,,,,,,,,,,,,,,,,,,,,,,,,,,,,,,,,,,,,,,,,,,,,,,,,,,,,,,,,,,,,,,,,,,,,,,,,,,,,,,,,,,,,,,,,,,,,,,,,,,,,,,,,,,,,,,,,,,,,,,,,,,,,,,,,,,,,,,,,,,,,,,,,,,,,,,,,,,,,,,,,,,,,,,,,,,,,,,,,,,,,,,,,,,,,,,,,,,,,,,,,,,,,,,,,,,,,,,,,,,,,,,,,,,,,,,,,,,,,,,,,,,,,,,,,,,,,,,,,,,,,,,,,,,,,,,,,,,,,,,,,,,,,,,,,,,,,,,,,,,,,,,,,,,,,,,,,,,,,,,,,,,,,,,,,,,,,,,,,,,,,,,,,,,,,,,,,,,,,,,,,,,,,,,,,,,,,,,,,,,,,,,,,,,,,,,,,,,,,,,,,,,,,,,,,,,,,,,,,,,,,,,,,,,,,,,,,,,,,,,,,,,,,,,,,,,,,,,,,,,,,,,,,,,,,,,,,,,,,,,,,,,,,,,,,,,,,,,,,,,,,4053
Q264636,Craig Whittaker,Craig Whittaker,Craig Whittaker,Craig Whittaker,Craig Whittaker,Craig Whittaker,Craig Whittaker,Craig Whittaker,Craig Whittaker,Craig Whittaker,Craig Whittaker,Craig Whittaker,1962-08-30,male,Craig,,politician,,,,,,,,Craig Whittaker,克萊格·惠特克,,,,https://upload.wikimedia.org/wikipedia/commons/5/5e/Official_portrait_of_Craig_Whittaker_crop_2.jpg,/m/0by1rs8,commons/craig-whittaker/3940,Whittaker,kX4bGw43,,,,,438,,,,クレイグ・ホイッテイカー,,,,,,,CWhittakerMP,whittaker4mp,,,,,,,,Category:Craig Whittaker,克萊格·惠特克,,,,,Craig Whittaker,,,,,,,,,,,,,,,,,,,,,,,,,,,,,,,,,,,,,,,,,,,,,,,,,,,,,,,,,,,,,,,,,,,,,,,,,,,,,,,,,,,,,,,,,,,,,,,,,,,,,,,,,,,,,,,,,,,,,,,,,,,,,,,,,,,,,,,,,,,,,,,,,,,,,,,,,,,,,,,,,,,,,,,,,,,,,,,,,,,,,,,,,,,,,,,,,,,,,,,,,,,,,,,,,,,,,,,,,,,,,,,,,,,,,,,,,,,,,,,,,,,,,,,,,,,,,,,,,,,,,,,,,,,,,,,,,,,,,,,,,,,,,,,,,,,,,,,,,,,,,,,,,,,,,,,,,,,,,,,,,,,,,,,,,,,,,,,,,,,,,,,,,,,,,,,,,,,,,,,,,,,,,,,,,,,,,,,,,,,,,,,,,,,,,,,,,,,,,,,,,,,,,,,,,,,,,,,,,,,,,,,,,,,,,,,,,,,,,,,,,,,,,,,,,,,,,,,,,,,,,,,,,,,,,,,,,,,,,,,,,,,,,,,,,,,,,,,,,,,,,,,,,,,,,,,,,,,,,,,,,,,,,,,,,,,,,,,,,,,3940
Q269005,Ronnie Campbell,Ronnie Campbell,Ronnie Campbell,Ronnie Campbell,Ronnie Campbell,Ronnie Campbell,Ronnie Campbell,Ronnie Campbell,Ronnie Campbell,Ronnie Campbell,Ronnie Campbell,Ronnie Campbell,1943-08-14,male,Ronnie,mr-ronnie-campbell,politician,172,,,,,,,Ronnie Campbell,羅尼·坎貝爾,,,Ronnie Campbell,https://upload.wikimedia.org/wikipedia/commons/0/0c/Official_portrait_of_Mr_Ronnie_Campbell_crop_2.jpg,/m/0266p1,commons/mr-ronnie-campbell/514,Campbell,o5xx0yww,,روني كامبل,روني كامبل,,1185,,,,ロニー・キャンベル,Ronnie Campbell,Ronnie Campbell,,,,,BVLabour,blythvalleylabour,,,,,,Ronnie Campbell,Ronnie Campbell,Category:Ronnie Campbell,羅尼·坎貝爾,,,,,,,,,,,,,,,,,,,,,,,,,,,,,,,,,,,,,,,,,,,,,,,,,,,,,,,,,,,,,,,,,,,,,,,,,,,,,,,,,رونی کمپل,,,,ronniecampbell,,,,,,,,,,,,,,,,,,,,,,,,,,,,,,,,,,,,,,,,,,,,,,,,,,,,,,,,,,,,,,,,,,,,,,,,,,,,,,,,,,,,,,,,,,,,,,,,,,,,,,,,,,,,,,,,,,,,,,,,,,,,,,,,,,,,,,,,,,,,,,,,,,,,,,,,,,,,,,,,,,,,,,,,,,,,,,,,,,,,,,,,,,,,,,,,,,,,,,,,,,,,,,,,,,,,,,,,,,,,,,,,,,,,,,,,,,,,,,,,,,,,,,,,,,,,,,,,,,,,,,,,,,,,,,,,,,,,,,,,,,,,,,,,,,,,,,,,,,,,,,,,,,,,,,,,,,,,,,,,,,,,,,,,,,,,,,,,,,,,,,,,,,,,,,,,,,,,,,,,,,,,,,,,,,,,,,,,,,,,,,,,,,,,,,,,,,,,,,,,,,,,,,,,,,,,,,,,,,,,,,,,,,,,,,,,,,,,,,,,,,,,,,,,,,,,,,,,,,,514
Q269940,Simon Burns,Simon Burns,Simon Burns,Simon Burns,Simon Burns,Simon Burns,Simon Burns,Simon Burns,Simon Burns,Simon Burns,Simon Burns,Simon Burns,1952-09-06,male,Simon,mr-simon-burns,politician,162,,,Simon Burns,,,,Simon Burns,西門·伯恩斯,,Simon Burns,Simon Burns,https://upload.wikimedia.org/wikipedia/commons/e/e6/Simon_Burns_Official.jpg,/m/025l8z,commons/sir-simon-burns/46,Burns,ueCA7LxD,,سيمون بورنس,سيمون بورنس,,2555,,,,サイモン・バーンズ,,,,,,,,,,,,,,Simon Burns,Simon Burns,Category:Simon Burns,西門·伯恩斯,Simon_Burns,simon_burns,,,,,,,,,,,,,,,,,,,,,,,,,,,,,,,,,,,,,,,,,,,,,,,,,,,,,,,,,,,,,,,,,,2380,,,,,,,,,,,,,,,,,,,,,,,,,,,,,,,,,,,,,,,,,,,,,,,,,,,,,,,,,,,,,,,,,,,,,,,,,,,,,,,,,,,,,,,,,,,,,,,,,,,,,,,,,,,,,,,,,,,,,,,,,,,,,,,,,,,,,,,,,,,,,,,,,,,,,,,,,,,,,,,,,,,,,,,,,,,,,,,,,,,,,,,,,,,,,,,,,,,,,,,,,,,,,,,,,,,,,,,,,,,,,,,,,,,,,,,,,,,,,,,,,,,,,,,,,,,,,,,,,,,,,,,,,,,,,,,,,,,,,,,,,,,,,,,,,,,,,,,,,,,,,,,,,,,,,,,,,,,,,,,,,,,,,,,,,,,,,,,,,,,,,,,,,,,,,,,,,,,,,,,,,,,,,,,,,,,,,,,,,,,,,,,,,,,,,,,,,,,,,,,,,,,,,,,,,,,,,,,,,,,,,,,,,,,,,,,,,,,,,,,,,,,,,,,,,,,,,,,,,,,,,,,,,,,,,,,,,,,,46
Q270042,Lorely Burt,Lorely Burt,Lorely Burt,Lorely Burt,Lorely Burt,Lorely Burt,Lorely Burt,Lorely Burt,Lorely Burt,Lorely Burt,Lorely Burt,Lorely Burt,1954-09-10,female,Lorely,ms-lorely-burt,politician,9559,,,Lorely Burt,,,,Lorely Burt,羅蕾萊·伯特,,Lorely Burt,,https://upload.wikimedia.org/wikipedia/commons/8/80/Lorely_Burt_Parliament.JPG,/m/05qhm9,lords/baroness-burt-of-solihull/1567,Burt,JTiw9Slj,,,,,,,,,,,,,,,,LorelyBurt,,http://www.parliament.uk/biographies/commons/lorely-burt/1567,,,,,Lorely Burt,Lorely Burt,Category:Lorely Burt,,Lorely_Burt,lorely_burt,,,,,,,,,,,,,,,,,,,,,,,,,,,,,,,,,,,,,,,,,,,,,,,,,,,,,,,,,,,,,,,,,,4755,,,,,,,,,,,,,,,,,,,,,,,,,,,,,,,,,,,,,,,,,,,,,,,,,,,,,,,,,,,,,,,,,,,,,,,,,,,,,,,,,,,,,,,,,,,,,,,,,,,,,,,,,,,,,,,,,,,,,,,,,,,,,,,,,,,,,,,,,,,,,,,,,,,,,,,,,,,,,,,,,,,,,,,,,,,,,,,,,,,,,,,,,,,,,,,,,,,,,,,,,,,,,,,,,,,,,,,,,,,,,,,,,,,,,,,,,,,,,,,,,,,,,,,,,,,,,,,,,,,,,,,,,,,,,,,,,,,,,,,,,,,,,,,,,,,,,,,,,,,,,,,,,,,,,,,,,,,,,,,,,,,,,,,,,,,,,,,,,,,,,,,,,,,,,,,,,,,,,,,,,,,,,,,,,,,,,,,,,,,,,,,,,,,,,,,,,,,,,,,,,,,,,,,,,,,,,,,,,,,,,,,,,,,,,,,,,,,,,,,,,,,,,,,,,,,,,,,,,,,,,,,,,,,,,,,,,,,,1567
Q271715,Christopher Chope,Christopher Chope,Christopher Chope,Christopher Chope,Christopher Chope,Christopher Chope,Christopher Chope,Christopher Chope,Christopher Chope,Christopher Chope,Christopher Chope,Christopher Chope,1947-05-19,male,Christopher,mr-christopher-chope,politician,186,,,Christopher Chope,,,,Christopher Chope,克里斯多福·喬普,,Christopher Chope,Christopher Chope,https://upload.wikimedia.org/wikipedia/commons/b/b2/Official_portrait_of_Mr_Christopher_Chope_crop_2.jpg,/m/0266vs,commons/mr-christopher-chope/242,Chope,COPkmVdx,,,,,596,,,,クリストファー・チョープ,,Christopher Chope,,,,,,,https://www.chrischope.com/,,,,,,Christopher Chope,,克里斯多福·喬普,,,,Christopher Chope,,,5584,,,,,,,,,,,,,,,,,,,,,,,,,,,,,,,,,,,,,,,,,,,,,,,,,,,,,,,,,,,,,,,,,,,,,,,,,,,,,,,,,,,,,,,,,,,,,,,,,,,,,,,,,,,,,,,,,,,,,,,,,,,,,,,,,,,,,,,,,,,,,,,,,,,,,,,,,,,,,,,,,,,,,,,,,,,,,,,,,,,,,,,,,,,,,,,,,,,,,,,,,,,,,,,,,,,,,,,,,,,,,,,,,,,,,,,,,,,,,,,,,,,,,,,,,,,,,,,,,,,,,,,,,,,,,,,,,,,,,,,,,,,,,,,,,,,,,,,,,,,,,,,,,,,,,,,,,,,,,,,,,,,,,,,,,,,,,,,,,,,,,,,,,,,,,,,,,,,,,,,,,,,,,,,,,,,,,,,,,,,,,,,,,,,,,,,,,,,,,,,,,,,,,,,,,,,,,,,,,,,,,,,,,,,,,,,,,,,,,,,,,,,,,,,,,,,,,,,,,,,,,,,,,,,,,,,,,,,,,,,,,,,,,,,,,,,,,,,,,,,,,,,,,,,,,,,,,,,,,,,,,,,,,,,,,,,,,,,,,242
Q272526,Peter Tapsell,Peter Tapsell,Peter Tapsell,Peter Tapsell,Peter Tapsell,Peter Tapsell,Peter Tapsell,Peter Tapsell,Peter Tapsell,Peter Tapsell,Peter Tapsell,Peter Tapsell (British politician),1930-02-01,male,Peter,sir-peter-tapsell,politician,652,,,,,,,Peter Tapsell,彼得·塔塞爾,,,,https://upload.wikimedia.org/wikipedia/commons/6/6a/Sir_Peter_Tapsell_Cutout.jpg,/m/0287b_,commons/peter-tapsell/348,Tapsell,Ock2draA,,,,,,,,,,,Peter Tapsell (homme politique britannique),,,,,,,,34300820,,nr88012182,,,,,,Peter_Tapsell,peter_tapsell,,,,,,,,,,,,,,,,,,,,,,,,,,,,,,,,,,,,,,,,,,,,,,,,,,,,,,,,,,,,,,,Peter Tapsell (British politician),,,4203,25264,,,彼得·塔普賽爾,,彼得·塔普赛尔,,,,,,mp92114,پیتر تپسل,,,,,2018-08-18,,,,,,,,,,,,,,,,,,,,,,,,,,,,,,,,,,,,پیتر تپسل,,,,,,,,,,,,,,,,,,,,,,,,,,,,,,,,,,,,,,,,,,,,,,,,,,,,,,,,,,,,,,,,,,,,,,,,,,,,,,,,,,,,,,,,,,,,,,,,,,,,,,,,,,,,,,,,,,,,,,,,,,,,,,,,,,,,,,,,,,,,,,,,,,,,,,,,,,,,,,,,,,,,,,,,,,,,,,,,,,,,,,,,,,,,,,,,,,,,,,,,,,,,,,,,,,,,,,,,,,,,,,,,,,,,,,,,,,,,,,,,,,,,,,,,,,,,,,,,,,,,,,,,,,,,,,,,,,,,,,,,,,,,,,,,,,,,,,,,,,,,,,,,,,,,,,,,,,,,,,,,,,,,,,,,,,,,,,,,,,,,,,,,,,,,,,,,,,,,,,,,,,,,,,,,,,,,,,,,,,,,,,,,,,,,,,,,,,,,,,,,,,,,,,,,,,,,,,,,,,,,,,348
Q27979810,Caroline Johnson,Caroline Johnson,Caroline Johnson,Caroline Johnson,Caroline Johnson,Caroline Johnson,,Caroline Johnson,Caroline Johnson,Caroline Johnson,Caroline Johnson,Caroline Johnson,1977-12-31,female,Caroline,,pediatrician,,,,,,,,Caroline Johnson,,,,,https://upload.wikimedia.org/wikipedia/commons/8/8d/Official_portrait_of_Dr_Caroline_Johnson.jpg,,commons/dr-caroline-johnson/4592,Johnson,TSeJnODO,,,,,34348,,,,,,Caroline Johnson,,,,,drcarolinej,,http://www.carolinejohnson.co.uk,,,,,,,,,,,,,,,,,,,,,,,,,,,,,,,,,,,,,,,,,,,,,,,,,,Caroline Johnson,,Caroline Johnson,,Caroline Johnson,,,,,,,,,,,,,,,,,,,,,,,,,,,,,,,,,,,,,,,,,,,,,,,,,,,,,,,,,,,,,,,,,,,,,,,,,,,,,,,,,,,,,,,,,,,,,,,,,,,,,,,,,,,,,,,,,,,,,,,,,,,,,,,,,,,,,,,,,,,,,,,,,,,,,,,,,,,,,,,,,,,,,,,,,,,,,,,,,,,,,,,,,,,,,,,,,,,,,,,,,,,,,,,,,,,,,,,,,,,,,,,,,,,,,,,,,,,,,,,,,,,,,,,,,,,,,,,,,,,,,,,,,,,,,,,,,,,,,,,,,,,,,,,,,,,,,,,,,,,,,,,,,,,,,,,,,,,,,,,,,,,,,,,,,,,,,,,,,,,,,,,,,,,,,,,,,,,,,,,,,,,,,,,,,,,,,,,,,,,,,,,,,,,,,,,,,,,,,,,,,,,,,,,,,,,,,,,,,,,,,,,,,,,,,,,,,,,,,,,,,,,,,,,,,,,,,,,,,,,,,,,,,,,,,,,,,,,,,,,,,,,,,,,,,,,,,,,,,,4592
Q286043,Ann Coffey,Ann Coffey,Ann Coffey,Ann Coffey,Ann Coffey,Ann Coffey,Ann Coffey,Ann Coffey,Ann Coffey,Ann Coffey,Ann Coffey,Ann Coffey,1946-08-31,female,Ann,ms-ann-coffey,politician,203,,,,Ann Coffey,Ann Coffey,Ann Coffey,Ann Coffey,安·科菲,,,Ann Coffey,https://upload.wikimedia.org/wikipedia/commons/d/d1/Ann_Coffey_Official_Portrait.jpg,/m/0266_7,commons/ann-coffey/458,Coffey,RuCFux4C,,,,,223,,,,,Ann Coffey,Ann Coffey,,,,,anncoffey_mp,,,106566857,,,,Ann Coffey,Ann Coffey,Category:Ann Coffey,,ann_coffey,ann_coffey,,,,,6655,,,,,,,,,,,,,,,,,,,,,,,,,,,,,,,,,,,,,,,,,,,,,,,,,,,,,,,,,,,,,,,,,,,,,,,,,,,,,,,,,,,,,,,,,,,,,,,,,,,,,,,,,,,,,,,,,,,,,,,,,,,,,,,,,,,,,,,,,,,,,,,,,,,,,,,,,,,,,,,,,,,,,,,,,,,,,,,,,,,,,,,,,,,,,,,,,,,,,,,,,,,,,,,,,,,,,,,,,,,,,,,,,,,,,,,,,,,,,,,,,,,,,,,,,,,,,,,,,,,,,,,,,,,,,,,,,,,,,,,,,,,,,,,,,,,,,,,,,,,,,,,,,,,,,,,,,,,,,,,,,,,,,,,,,,,,,,,,,,,,,,,,,,,,,,,,,,,,,,,,,,,,,,,,,,,,,,,,,,,,,,,,,,,,,,,,,,,,,,,,,,,,,,,,,,,,,,,,,,,,,,,,,,,,,,,,,,,,,,,,,,,,,,,,,,,,,,,,,,,,,,,,,,,,,,,,,,,,,,,,,,,,,,,,,,,,,,,,,,,,,,,,,,,,,,,,,,,,,,,,,,,,,,,,,,,,,,,,,458
Q296597,Ian Paisley,Ian Paisley,Ian Paisley,Ian Paisley,Ian Paisley,Ian Paisley,Ian Paisley,Ian Paisley,Ian Paisley,Ian Paisley,Ian Paisley,Ian Paisley,1926-04-06,male,Ian,reverend-dr-ian-paisley,politician,543,,Ioannes Paisley,Ian Paisley,Ian Paisley,Ian Paisley,Ian Paisley,Ian Paisley,伊恩·佩斯利,Ioannes Paisley,Ian Paisley,Ian Paisley,https://upload.wikimedia.org/wikipedia/commons/e/eb/DrIanPaisley.jpg,/m/0nxf7,lords/lord-bannside/4149,Paisley,TmDinYu7,"Пейсли, Иан",,,,,,,Ian Paisley,イアン・ペイズリー,Ian Paisley,Ian Paisley,,,"Пейсли, Иан",,ianpaisleymp,,,79426950,119479362,n50051819,0000 0000 7863 4864,Ian Paisley,Ian Paisley,Category:Ian Paisley,伊恩·佩斯利,,,Ian Paisley,Ian Paisley,,,,Ian Paisley,Ian Paisley,Ian Paisley,Ian Paisley,Ian Paisley,Ian Paisley,Ian Paisley,Ian Paisley,Ian Paisley,Ian Paisley,Ian Paisley,Ian Paisley,Ian Paisley,Ian Paisley,Ian Paisley,Ian Paisley,Ian Paisley,Ian Paisley,Ian Paisley,Ian Paisley,Ian Paisley,Ian Paisley,,Ian Paisley,Ian Paisley,Ian Paisley,Ian Paisley,Ian Paisley,Ian Paisley,Ian Paisley,Ian Paisley,Ian Paisley,Ian Paisley,,Ian Paisley,Ian Paisley,Ian Paisley,Ian Paisley,Ian Paisley,Ian Paisley,Ian Paisley,Ian Paisley,Ian Paisley,Ian Paisley,Ian Paisley,Ijan Pejsli,Ian Paisley,Ian Paisley,Ian Paisley,Ian Paisley,Ian Paisley,Ian Paisley,Ian Paisley,Ian Paisley,Іан Пейслі,איאן פייזלי,Ian Paisley,Ian Paisley,Іан Пейслі,072783273,,,,伊恩·佩斯利,伊恩·佩斯利,伊恩·佩斯利,伊恩·佩斯利,,Ian Paisley,Ian Paisley,Ian Paisley,766/000085511,mp52885,ایان پیزلی,Ian Paisley,Ian Paisley,1396,,2014-09-12,,,Ian Paisley,88,伊恩·佩斯利,,Ian Paisley,,,ian-paisley,,,,이언 페이즐리,Ian Paisley,イアン・ペイズリー,이언 페이즐리,,F46420,Ίαν Πέσλεϊ,,,,,,,,,伊恩·佩斯利,,,,,Ian Paisley,Ian Paisley,ایان پیزلی,Ian Paisley,,,biography/Ian-Paisley,,Ian Paisley,,Ian Paisley,Ian Paisley,Ίαν Πέισλι,Category:Ian Paisley,Ian Paisley,,,,,,108503,,,Ian Paisley,,Ian Paisley,,,,,,,,,,,,,,,,Ian Paisley,Ian Paisley,,איאן פייזלי,,,,,,,,,,,Paisley-426,,,,,,,,,,,,,Ian Paisley,,,,,,,,,,,,,,,,,,,,,,,,,,,,,,,,,,,,,,,,Ian Paisley,,,,Ian Paisley,,,,,,,,,,,,,,,Ian Paisley,,,,,,,,,,,,,,,,,,,,,Ian Paisley,,,,,,,,,,,,,,,,Ian Paisley,,,,,,,,,,,,,,,,,,,,,,,,,,Ian Paisley,,,,,,Ian Paisley,,,,,,,,,Ian Paisley,,,,,,,,,,,,,,,Ијан Пејсли,Ијан Пејсли,,,,Ian Paisley,,Ијан Пејсли,,,Ијан Пејсли,,,,,Ian Paisley,,,Ian Paisley,Ian Paisley,,,,,,,,,,,,,,,,,,,,,,,,,,,Ian Paisley,Ian Paisley,Ian Paisley,,,,,,,,,,,,,,,,,,,,,,,,,,,,,,,,,,,,,,,,,,,,,,,,,,,,,,,,,,,,,Ian Paisley,イアン・ペイズリー,,,,,,,,,,,,,,,,,,,,,,,,,,,,,,,,,,,,,,,,,,,,,,,,,,,,,,,,,,,,,,,,,,,,,,,,,,,,,,,,,,,,,,,,,,,,,,4149
Q296797,David Davies,David Davies,David Davies,David Davies,David Davies,David Davies,David Davies,David Davies,David Davies,David Davies,David Davies,David Davies (Welsh politician),1970-06-27,male,David,mr-david-davies-5,politician,9533,,David T. C. Davies,,,,,David Davies,大衛·戴維斯,David T. C. Davies,,,https://upload.wikimedia.org/wikipedia/commons/f/f9/Official_portrait_of_David_T._C._Davies.jpg,/m/0310ky,commons/david-t.-c.-davies/1545,Davies,oHe9GoOF,Дэвид Дейвис,دايفيد ديفيز,ديفيد ديفيز (سياسي),,3827,,,,デビッド・デービス,,,,,,,DavidTCDavies,davidtcdavies,http://www.david-daviesmp.co.uk,6400156133236558430003,,,,David Davies,David Davies,,大衛·戴維斯 (政治人物),David_Davies,11719,,David Davies,,,6870,,,,,,,,,,,,,,,,,,,,,,,,,,,,,,,,,,,,,,,,,,,,,,,,,,,,,,,,,David Davies (gwleidydd Cymreig),,,,2867,33522,,,,,,,,,,,,دیوید دیویس,,,,,,,,,,,,,,1115,,,,,,,,,,,,,,,,,,,,,,,,,,,,,,,,,,,,,,,,,,,,,,,,,,,,,,,,,,,,,,,,,,,,,,,,,,,,,,,,,,,,,,,,,,,,,,,,,,,,,,,,,,,,,,,,,,,,,,,,,,,,,,,,,,,,,,,,,,,,,,,,,,,,,,,,,,,,,,,,,,,,,,,,,,,,,,,,,,,,,,,,,,,,,,,,,,,,,,,,,,,,,,,,,,,,,,,,,,,,,,,,,,,,,,,,,,,,,,,,,,,,,,,,,,,,,,,,,,,,,,,,,,,,,,,,,,,,,,,,,,,,,,,,,,,,,,,,,,,,,,,,,,,,,,,,,,,,,,,,,,,,,,,,,,,,,,,,,,,,,,,,,,,,,,,,,,,,,,,,,,,,,,,,,,,,,,,,,,,,,,,,,,,,,,,,,,,,,,,,,,,,,,,,,,,,,,,,,,,,,,,,,,,,,,,,,,,,,,,,,,,,,,,,,1545
Q30163380,Jo Platt,Jo Platt,Jo Platt,Jo Platt,,,,,Jo Platt,Jo Platt,,Jo Platt,1973-06-15,female,Joanne,,politician,,,,,,,,,,,,,https://upload.wikimedia.org/wikipedia/commons/8/85/Official_portrait_of_Jo_Platt_crop_2.jpg,,commons/jo-platt/4673,Platt,ZFpaIfxx,,,,,13928,,,,,,,,,,,JoPlattMP,JoPlattMP,,,,,,,,,,,,,,,,,,,,,,,,,,,,,,,,,,,,,,,,,,,,,,,,,,,,,,,,,,,,,,,,,,,,,,,,,,,,,,,,,喬安妮·布拉特,,乔安妮·布拉特,,,,,,,,,,,,,,,,,,,,,,,,,,,,,,,,,,,,,,,,,,,,,,,,,,,,,,,,,,,,,,,,,,,,,,,,,,,,,,,,,,,,,,,,,,,,,,,,,,,,,,,,,,,,,,,,,,,,,,,,,,,,,,,,,,,,,,,,,,,,,,,,,,,,,,,,,,,,,,,,,,,,,,,,,,,,,,,,,,,,,,,,,,,,,,,,,,,,,,,,,,,,,,,,,,,,,,,,,,,,,,,,,,,,,,,,,,,,,,,,,,,,,,,,,,,,,,,,,,,,,,,,,,,,,,,,,,,,,,,,,,,,,,,,,,,,,,,,,,,,,,,,,,,,,,,,,,,,,,,,,,,,,,,,,,,,,,,,,,,,,,,,,,,,,,,,,,,,,,,,,,,,,,,,,,,,,,,,,,,,,,,,,,,,,,,,,,,,,,,,,,,,,,,,,,,,,,,,,,,,,,,,,,,,,,,,,,,,,,,,,,,,,,,,,,,,,,,,,,,,,,,,,,,,,,4673
Q30234243,Alex Norris,Alex Norris,Alex Norris,Alex Norris,Alex Norris,Alex Norris,Alex Norris,Alex Norris,Alex Norris,Alex Norris,Alex Norris,Alex Norris,1984-02-04,male,Alex,,politician,,,,Alex Norris,Alex Norris,Alex Norris,Alex Norris,Alex Norris,,,,,https://upload.wikimedia.org/wikipedia/commons/7/7b/Official_portrait_of_Alex_Norris_crop_2.jpg,,commons/alex-norris/4641,Norris,ANZPwclO,,أليكس نوريس,أليكس نوريس,,34206,,,Alex Norris,,,,,,,,ANorrisMP,,,,,,,Alex Norris,Alex Norris,Category:Alex Norris,,,,Alex Norris,Alex Norris,,,,Alex Norris,Alex Norris,Alex Norris,Alex Norris,Alex Norris,Alex Norris,Alex Norris,Alex Norris,Alex Norris,Alex Norris,Alex Norris,Alex Norris,Alex Norris,Alex Norris,Alex Norris,Alex Norris,Alex Norris,Alex Norris,Alex Norris,Alex Norris,Alex Norris,Alex Norris,Alex Norris,Alex Norris,Alex Norris,Alex Norris,Alex Norris,Alex Norris,Alex Norris,Alex Norris,Alex Norris,Alex Norris,Alex Norris,Alex Norris,Alex Norris,Alex Norris,Alex Norris,Alex Norris,Alex Norris,Alex Norris,Alex Norris,Alex Norris,Alex Norris,Alex Norris,Alex Norris,Alex Norris,Alex Norris,Alex Norris,Alex Norris,Alex Norris,Alex Norris,Alex Norris,Alex Norris,Alex Norris,,,,,,,,,,,,,,,,,,,,,,,,,,,,,,,,,,,,,,,,,,,,,,,,,,,,,,,,,,,,,,,,,,,,,,,,,,,,,,,,,,,,,,,,,,,,,,,,,,,,,,,,,,,,,,,,,,,,,,,,,,,,,,,,,,,,,,,,,,,,,,,,,,,,,,,,,,,,,,,,,,,,,,,,,,,,,,,,,,,,,,,,,,,,,,,,,,,,,,,,,,,,,,,,,,,,,,,,,,,,,,,,,,,,,,,,,,,,,,,,,,,,,,,,,,,,,,,,,,,,,,,,,,,,,,,,,,,,,,,,,,,,,,,,,,,,,,,,,,,,,,,,,,,,,,,,,,,,,,,,,,,,,,,,,,,,,,,,,,,,,,,,,,,,,,,,,,,,,,,,,,,,,,,,,,,,,,,,,,,,,,,,,,,,,,,,,,,,,,,,,,,,,,,,,,,,,,,,,,,,,,,,,,,,,,,,,,,,,,,,,,,,,,,,,,,,,,,,,,,,,,,,,,,,,,,,,,,,,,,,,,,4641
Q302763,Angela Eagle,Angela Eagle,Angela Eagle,Angela Eagle,Angela Eagle,Angela Eagle,Angela Eagle,Angela Eagle,Angela Eagle,Angela Eagle,Angela Eagle,Angela Eagle,1961-02-17,female,Angela,ms-angela-eagle,politician,261,,,Angela Eagle,Angela Eagle,Angela Eagle,Angela Eagle,Angela Eagle,安吉拉·伊格爾,,Angela Eagle,Angela Eagle,https://upload.wikimedia.org/wikipedia/commons/f/f3/Official_portrait_of_Ms_Angela_Eagle.jpg,/m/026b92,commons/ms-angela-eagle/491,Eagle,saLBlZIO,Анджела Ігл,,,,2917,,,Angela Eagle,アンジェラ・イーグル,Angela Eagle,Angela Eagle,,,"Игл, Анджела",,angelaeagle,angela4labour,http://www.angelaeagle.co.uk,78727997,,nr2004012206,,Angela Eagle,Angela Eagle,Category:Angela Eagle,安吉拉·伊格尔,Angela_Eagle,angela_eagle,Angela Eagle,Angela Eagle,,,,Angela Eagle,Angela Eagle,Angela Eagle,Angela Eagle,Angela Eagle,Angela Eagle,Angela Eagle,Angela Eagle,Angela Eagle,Angela Eagle,Angela Eagle,Angela Eagle,Angela Eagle,Angela Eagle,Angela Eagle,Angela Eagle,Angela Eagle,Angela Eagle,Angela Eagle,Angela Eagle,Angela Eagle,Angela Eagle,Angela Eagle,Angela Eagle,Angela Eagle,Angela Eagle,Angela Eagle,Angela Eagle,Angela Eagle,Angela Eagle,Angela Eagle,Angela Eagle,Angela Eagle,Angela Eagle,Angela Eagle,Angela Eagle,Angela Eagle,Angela Eagle,Angela Eagle,Angela Eagle,Angela Eagle,Angela Eagle,Angela Eagle,Angela Eagle,Angela Eagle,Angela Eagle,Angela Eagle,Angela Eagle,Angela Eagle,Angela Eagle,Angela Eagle,Angela Eagle,Angela Eagle,Angela Eagle,Анджела Ігл,,,Angela Eagle,Анджела Ігл,,3064,25642,,,,,,,,,,,mp69950,,,,,,,,,,,,,,,,,,,,,,,,,,Άντζελα Ήγκλ,,,,,,,,,,,,,,,,,,,,,,,,,,,Category:Angela Eagle,Angela Eagle,,,,,,,,,,,,,,,,,,,,,,,,,,,,,Angela Eagle,,,,,,,,,,,,,,,,,,,,,,,,,,,,,,,,,,,,,,,,,,,,,,,,,,,,,,,,,,,,,,,,,,,,,,,,,,,,,,,,,,,,,,,,,,,,,,,,,,,,,,,,,,,,,,,,,,,,,,,,,,,,,,,,,,,,,,,,,,,,,,,,,,,,,,,,,,,,,,,,,,,,,,,Angela Eagle,,,,,,,,,,,,,,,,,,,,,,,,,,,,,,,,,,,,,,,,,,,,,,,,,,,,,,,,,,,,,,,,,,,,,,,,,,,,,,,,,,,,,,,,,,,,,,,,,,,,,,,,,,,,,,,,,,,,,,,,,,,,,,,,,,,,,,,,,,,,,,,,,,,,,,,,,,,,,,,,,,,,,,,,,,,,,,,,,,,,,,,,,,,,,,,,,,,,,,,,,,,,,,,,,,,,,,491
Q304388,Frank Field,Frank Field,Frank Field,Frank Field,Frank Field,Frank Field,Frank Field,Frank Field,Frank Field,Frank Field,Frank Field,Frank Field (British politician),1942-07-16,male,Frank,mr-frank-field,politician,275,,,,,,,Frank Field,法蘭克·菲爾德,,,,https://upload.wikimedia.org/wikipedia/commons/a/a0/Official_portrait_of_Frank_Field.jpg,/m/025gj4,commons/frank-field/478,Field,Y39oWdz3,,طريقة فرانك فيلد,فرانك فيلد (سياسي),The Right Honourable,92,,,,,,"Frank Field (homme politique, 1942)",,,,,frankfieldteam,,http://www.frankfield.co.uk/,265551648,171251741,n50023376,0000 0000 8168 0335,Frank Field,Frank Field,,法蘭克·菲爾德,,frank_field/birkenhead,,,,,,,,,,,,,,,,,,,,Frank Field,,,,,,,,,,,,,,,,,,,,,,,,,,,,,,,,,,,,,,,,,,,,,068851480,,25534,,,,,,,,,,,,,,,,frankfield,,,,Frank Field,,,,,,,,,,,,,,,,F39815,,,,,,,,,,,,,,,,,,,,,,,,,,,,,,,,,,,,,,,,,,,,,,,,,,,,,,,,,,,,,,,,,,,,,,,,,,,,,,,,,,,,,,,,,,,,,,,,,,,,,,,,,,,,,,,,,,,,,,,,,,,,,,,,,,,,,,,,,,,,,,,,,,,,,,,,,,,,,,,,,,,,,,,,,,,,,,,,,,,,,,,,,,,,,,,,,,,,,,,,,,,,,,,,,,,,,,,,,,,,,,,,,,,,,,,,,,,,,,,,,,,,,,,,,,,,,,,,,,,,,,,,,,,,,,,,,,,,,,,,,,,,,,,,,,,,,,,,,,,,,,,,,,,,,,,,,,,,,,,,,,,,,,,,,,,,,,,,,,,,,,,,,,,,,,,,,,,,,,,,,,,,,,,,,,,,,,,,,,,,,,,,,,,,,,,,,,,,,,,,,,,,,,,,,,,,,,,,,,,,,,,,,,,,,,,,,,,,,,,478
Q332393,John Prescott,John Prescott,John Prescott,John Prescott,John Prescott,John Prescott,John Prescott,John Prescott,John Prescott,John Prescott,John Prescott,John Prescott,1938-05-31,male,John,mr-john-prescott,politician,560,,Iohannes Prescott,John Prescott,John Prescott,John Prescott,John Prescott,John Prescott,彭仕國,Ioannes Prescott,John Prescott,John Prescott,"https://upload.wikimedia.org/wikipedia/commons/7/7f/John_Prescott_on_his_last_day_as_Deputy_Prime_Minister,_June_2007.jpg",/m/019jxc,lords/lord-prescott/374,Prescott,YIlbg1p1,"Прескотт, Джон",جون بريسكوت,جون بريسكوت (سياسي),The Right Honourable,,,,,ジョン・プレスコット,John Prescott,John Prescott,,,"Прескотт, Джон",,johnprescott,,,3298594,120310872,no97039943,0000 0001 1466 2599,John Prescott,John Prescott,Category:John Prescott,彭仕國,,john_prescott/kingston_upon_hull_east,,John Prescott,,,1639,,,,,,,,,,,,John Prescott,,,John Prescott,,,,,,,,,,,,,,,,,,,,,,John Prescott,,John Prescott,,,John Prescott,,,,,,,,,,,,,Джон Прескотт,,John Prescott,John Prescott,Джон Прескотт,,,25447,John-Prescott/Kingston-upon-Hull-East/425,彭仕國,約翰·普雷斯科特,約翰·普雷斯科特,约翰·普雷斯科特,,John Prescott,John Prescott,,850/000164358,mp68257,,John Prescott,John Prescott,,johnprescott,,,,John Prescott,,约翰·普雷斯科特,,,,,john-prescott,,,彭仕國,존 프레스코트,John Prescott,ジョン・プレスコット,존 프레스코트,彭仕國,F69967,,,john-prescott,394034,,,,,,约翰·普雷斯科特,,,,,John Prescott,,,John Prescott,,,biography/John-Prescott,w6ww7g8w,John Prescott,,,"John Prescott, baron Prescott",,Category:John Prescott,John Prescott,,John Prescott (siyasetçi),,,143496,,,,,,,,John-Prescott-7,,,,,,Джон Прескът,जॉन प्रेस्कॉट,,,,,Джон Прескът,,,,,,,,,जॉन प्रेस्कॉट,,,,,,,,,,,,,,,,,,,,,,,,,,,,,,,,,,,,,,,,,,,,,,,,,,,,,,,,,,,,,,,,,,,,,,,,,,,,,,,,,,,,,,,,,,,,,,,,,,,,,,,,,,,,,,,,,,,,,,,,,,,,,,,,,,,,,,,,,,,,,,,,,,,,,,,,,,,,,,,,,,,,,,,,,,,,,,,,,,,,,,,,,,,,,,,,,,,,,,,,,,,,,,,,,,,,,,,,,,,,,,,,,,,,,,,,,,,,,,,,,,,,,,,,,,,,,,,,,,,,,,,,,,,,,,,,,,,,,,,,,,,,,,,,,,,,,,,,,,,,,,,,,,,,,,,,,,,,,,,,,,,,,,,,,,,,,,,,,,,,,,,,,,,,,,,,,,,,,,,,,,,,,,,,,,,,,,,,374
Q333276,Andrew Lansley,Andrew Lansley,Andrew Lansley,Andrew Lansley,Andrew Lansley,Andrew Lansley,Andrew Lansley,Andrew Lansley,Andrew Lansley,Andrew Lansley,Andrew Lansley,Andrew Lansley,1956-12-11,male,Andrew,mr-andrew-lansley,politician,424,,Andreas Lansley,Andrew Lansley,Andrew Lansley,Andrew Lansley,Andrew Lansley,Andrew Lansley,凌士禮,Andreas Lansley,Andrew Lansley,Andrew Lansley,https://upload.wikimedia.org/wikipedia/commons/4/40/Andrew_Lansley_Official.jpg,/m/027c5b,lords/lord-lansley/123,,NUEEnevv,"Лэнсли, Эндрю",,,The Right Honourable,,,,,アンドルー・ランズリー,Andrew Lansley,Andrew Lansley,,,"Лэнсли, Эндрю",,AndrewDLansley,,http://andrewlansley.co.uk,24091098,,nb98028135,0000 0000 4047 3436,,,Category:Andrew Lansley,,Andrew_Lansley,andrew_lansley,,,,,,,,,,,,,,,Andrew Lansley,,Andrew Lansley,,,,,,,,,,,,,,,,,,,,,,,,,Andrew Lansley,,,,,,,,,,,,,,,,,,,,,Andrew Lansley,,,1419,25555,,凌士禮,凌士禮,凌士禮,凌士礼,,,Andrew Lansley,,,,,,,,,,,,,,凌士礼,,,,,,,,凌士禮,,,,,,,,,andrew-lansley,1542132,,,,凌士禮,凌士礼,凌士礼,,,,,,,,,,,,,,,,,,,,,,,,,,,,,,,,,,,,,,,,,,,,,,,,Andrew Lansley,,,,,,,,,,,,,,,,,,,,,,,,,,,,,,,,,,,,,,,,,,,,,,,,,,,,,,,,,,,,,,,,,,,,,,,,,,,,,,,,,,,,,,,,,,,,,,,,,,,,,,,,,,,,,,,,,,,,,,,,,,,,,,,,,,,,,,,,,,,,,,,,,,,,,,,,,,,,,,,,,,,,,,,,,,,,,,,politics/andrewlansley,,,,,,,,,,,,,,,,,,,,,,,,,,,,,,,,,,,,,,,,,,,,,,,,,,,,,,,,,,,,,,,,,,,,,,,,,,,,,,,,,,,,,,,,,,,,,,,,,,,,,,,,,,,,,,,,,,,,,,,,,,,,,,,,,,,,,,,,,,,,,,,,,,,,,,,,,,,,,,,,,,,,,,,,,,,,,,,,,,,,,,,,,,,,,,,,,,,,,,,,,,,,,,123
Q337608,Colin Breed,Colin Breed,Colin Breed,Colin Breed,Colin Breed,Colin Breed,Colin Breed,Colin Breed,Colin Breed,Colin Breed,Colin Breed,Colin Breed,1947-05-04,male,Colin,mr-colin-breed,politician,148,,,Colin Breed,Colin Breed,Colin Breed,Colin Breed,Colin Breed,,,Colin Breed,Colin Breed,https://upload.wikimedia.org/wikipedia/commons/0/09/ColinBreedMP_2009.jpg,/m/025kws,Commons/member/226,Breed,9udcfV8x,,,,,,,,,コリン・ブリード,,,,,,,,,,,,,,,,,,Colin_Breed,colin_breed,,,,,,,,,,,,,,,,,,,,,,,,,,,,,,,,,,,,,,,,,,,,,,,,,,,,,,,,,,,,,,,,,,,,,,,,,,,,,,,,,,,,,,,,,,,Colin Breed,,,,Colin Breed,Colin Breed,,,,,,,,,,,,,,,,,,,,,,,,,,,,,,,,,,,,,,,,,,,,,,,,,,,,,,,,,,,,,,,,,,,,,,,,,,,,,,,,,,,,,,,,,,,,,,,,,,,,,,,,,,,,,,,,,,,,,,,,,,,,,,,,,,,,,,,,,,,,,,,,,,,,,,,,,,,,,,,,,,,,,,,,,,,,,,,,,,,,,,,,,,,,,,,,,,,,,,,,,,,,,,,,,,,,,,,,,,,,,,,,,,,,,,,,,,,,,,,,,,,,,,,,,,,,,,,,,,,,,,,,,,,,,,,,,,,,,,,,,,,,,,,,,,,,,,,,,,,,,,,,,,,,,,,,,,,,,,,,,,,,,,,,,,,,,,,,,,,,,,,,,,,,,,,,,,,,,,,,,,,,,,,,,,,,,,,,,,,,,,,,,,,,,,,,,,,,,,,,,,,,,,,,,,,,,,,,,,,,,,,,,,,,,,,,,,,,,,,,,,,,,,226
Q3403511,Llew Smith,Llew Smith,Llew Smith,Llew Smith,Llew Smith,Llew Smith,Llew Smith,Llew Smith,Llew Smith,Llew Smith,Llew Smith,Llew Smith,1944-04-16,male,Llewellyn,mr-llew-smith,politician,621,,,,Llew Smith,Llew Smith,Llew Smith,Llew Smith,,,,,,,,Smith,,,,,,,,,,,,,,,,,,,,14588626,,no2008112307,,,,,,,,,Llew Smith,Llew Smith,,,,,,,,,,,,,,,,,,,,,,,,,,,,,,,,,,,,,,,,,,,,Llewellyn Smith,,,,,,,,,,,,,,,Llew Smith,,,,,,,,,,,,,,,,,,,Llewellyn Smith,1381,,,,,,,,,,,,,,,,,,,,,,,,,,,,,,,,,,,,,,,,,,,,,,,,,,,,,154659,,,,,,,,,,,,,,,,,,,,,,,,,,,,,,,,,,,,,,,,,,,,,,,,,,,,,,,,,,,,,,,,,,,,,,,,,,,,,,,,,,,,,,,,,,,,,,,,,,,,,,,,,,,,,,,,,,,,,,,,,,,,,,,,,,,,,,,,,,,,,,,,,,,,,,,,,,,,,,,,,,,,,,,,,,,,,,,,,,,,,,,,,,,,,,,,,,,,,,,,,,,,,,,,,,,,,,,,,,,,,,,,,,,,,,,,,,,,,,,Llew Smith,,,,,,,,,,,,,,,,,,,,,,,,,,,,,,,,,,,,,,,,,,,,,,,,,,,,,,,,,,,,,,,,,,,,,,,,,,,,,,,,,,,,,,,,,,,,,,,,,,,,,,,,,,,,,,,,,,,,,,,,,,,,,,,,,,,,,,,,,,,,,,,,,,,,,,,,,,,,,,,,,,,,,,,,
Q3476695,Seamus Mallon,Seamus Mallon,Seamus Mallon,Seamus Mallon,Seamus Mallon,Seamus Mallon,Seamus Mallon,Seamus Mallon,Seamus Mallon,Seamus Mallon,Seamus Mallon,Seamus Mallon,1936-08-17,male,Seamus,mr-seamus-mallon,Gaelic football player,464,,,,,,,Seamus Mallon,,,,,https://upload.wikimedia.org/wikipedia/commons/f/f1/Seamus_Mallon_speaking_at_John_Hewitt_International_Summer_School_2017.png,/m/01n7p0,,Mallon,,,,,,,,,,,,Seamus Mallon,,,,,,,,2648157282925103640005,,,,,,,,,,,,Seamus Mallon,,,,,,,,,,,,,,Seamus Mallon,,,,,,,,,,,,,,,,,,,,,,,,,,,,,,,,,,,,,,,,,,,,,,,,,,,,,希莫斯·馬倫,,希莫斯·马伦,,,,,,,,,,,,,,,,59,希莫斯·马伦,,,,,,,,,,,,,,F74291,,,,,,,,,,,,,,,,,,Seamus Mallon,,,,,,,,,,,,,,,,,,,,,,,,,,,,,,,,,,,,,,,,,,,,,,,,,,,,,,,,,,,,,,,,,,,,,,,,,,,,,,,,,,,,,,,,,,,,,,,,,,,,,,,,,,,,,,,,,,,,,,,,,,,,,,,,,,,,,,,,,,,,,,,,,,,,,,,,,,,,,,,,,,,,,,,,,,,,,,,,,,,,,,,,,,,,,,,,,,,,,,,,,,,,,,,,,,,,,,,,,,,,,,,,,,,,,,,,,,,,,,,,,,,,,,,,,,,,,,,,,,,,,Seamus-Mallon.S.1982-12-13,,,,,,,,,,,,,,,,,,,,,,,,,,,,,,,,,,,,,,,,,,,,,,,,,,,,,,,,,,,,,,,,,,,,,,,,,,,,,,,,,,,,,,,,,,,,,,,,,,,,,,,,,,,,,,,,,,,,,,,,,,,,,,,,,,,,,,,,,,,,,,,,,,,,,,,,,,,,,,,,
Q390794,Julian Smith,Julian Smith,Julian Smith,Julian Smith,Julian Smith,Julian Smith,Julian Smith,Julian Smith,Julian Smith,Julian Smith,Julian Smith,Julian Smith (politician),1971-08-30,male,Julian,,politician,,,,,,,,Julian Smith,朱利安·史密斯,,,,https://upload.wikimedia.org/wikipedia/commons/7/7c/Official_portrait_of_Julian_Smith_crop_2.jpg,/m/0bwfnmr,commons/julian-smith/4118,Smith,V7RM28pf,Джулиан Смит,جوليان سميث,جوليان سميث,The Right Honourable,2798,,,,ジュリアン・スミス,,Julian Smith (homme politique),,,"Смит, Джулиан",,JulianSmithUK,juliansmithofficial,http://www.juliansmith.org.uk,,,,,,,Category:Julian Smith (politician),朱利安·史密斯,julian_smith,24961,,,,,,,,,,,,,,,,,,,,,,,,,,,,,,,,,,,,,,,,,,,,,,,,,,,,,,,,,,,,,,,,,,,,,,,,,,Julian Smith,,,,,,,,,,,,,,,,,,,,,,,,,,,,,,,জুলিয়ান স্মিথ,,,,,,,,,,,,,,,,,,,,,,,,,,,,,,,,,,,,,,,,Julian-Smith-4,,,,,,,,,,,,,,,,,,,,,,,,,,,,,,,,,,,,,,,,,,,,,,,,,,,,,,,,,,,,,,,,,,,,,,,,,,,,,,,,,,,,,,,,,,,,,,,,,,,,,,,,,,,,,,,,,,,,,,,,,,,,,,,,,,,,,,,,,,,,,,,,,,,,,,,,,,,,,,,,,,,,,,,,,,,,,,,,,,,,,,,,,,,,,,,,,,,,,,,,,,,,,,,,,,,,,,,,,,,,,,,,,,,,,,,,,,,,,,,,,,,,,,,,,,,,,,,,,,,,,,,,,,,,,,,,,,,,,,,,,,,,,,,,,,,,,,,,,,,,,,,,,,,,,,,,,,,,,,,,,,,,,,,,,,,,,,,,,,,,,,,,,,,,,,,,,,,,,,,,,,,,,,,,,,,,,,,,,,,,,,,,,,,,,,,,,,,,,4118
Q391605,Helen Goodman,Helen Goodman,Helen Goodman,Helen Goodman,Helen Goodman,Helen Goodman,Helen Goodman,Helen Goodman,Helen Goodman,Helen Goodman,Helen Goodman,Helen Goodman,1958-01-02,female,Helen,ms-helen-goodman,politician,9469,,,,,,,Helen Goodman,海倫·古德曼,,,,https://upload.wikimedia.org/wikipedia/commons/3/3a/Official_portrait_of_Helen_Goodman_crop_2.jpg,/m/062qt2,commons/helen-goodman/1484,Goodman,gaomsflO,,,,,2906,,,,ヘレン・グッドマン,,,,,,,HelenGoodmanMP,helengoodmanBA,,,,,,Helen Goodman,Helen Goodman,,,,,,,,,,,,,,,,,,,,,,,,,,,,,,,,,,,,,,,,,,,,,,,,,,,,,,,,,,,,,,,,,,,,,,,,,,,,,,,,,,,,,,,helencatherinegoodman,,,,,,,,,,,,,,,,,,,,,,,,,,,,,,,,,,,,,,,,,,,,,,,,,,,,,,,,,,,,,,,,,,,,,,,,,,,,,,,,,,,,,,,,,,,,,,,,,,,,,,,,,,,,,,,,,,,,,,,,,,,,,,,,,,,,,,,,,,,,,,,,,,,,,,,,,,,,,,,,,,,,,,,,,,,,,,,,,,,,,,,,,,,,,,,,,,,,,,,,,,,,,,,,,,,,,,,,,,,,,,,,,,,,,,,,,,,,,,,,,,,,,,,,,,,,,,,,,,,,,,,,,,,,,,,,,,,,,,,,,,,,,,,,,,,,,,,,,,,,,,,,,,,,,,,,,,,,,,,,,,,,,,,,,,,,,,,,,,,,,,,,,,,,,,,,,,,,,,,,,,,,,,,,,,,,,,,,,,,,,,,,,,,,,,,,,,,,,,,,,,,,,,,,,,,,,,,,,,,,,,,,,,,,,,,,,,,,,,,,,,,,,,,,,,,,,,,,,,,1484
Q392061,Mark Simmonds,Mark Simmonds,Mark Simmonds,Mark Simmonds,Mark Simmonds,Mark Simmonds,Mark Simmonds,Mark Simmonds,Mark Simmonds,Mark Simmonds,Mark Simmonds,Mark Simmonds,1964-04-12,male,Mark,mr-mark-simmonds,politician,5867,,Marcus Simmonds,,,,,Mark Simmonds,,Marcus Simmonds,,,"https://upload.wikimedia.org/wikipedia/commons/a/ae/Mark_Simmonds,_October_2009_1_cropped.jpg",/m/029yk4,commons/mark-simmonds/1393,Simmonds,HlOD76Pv,,,,The Right Honourable,389,,,,,,Mark Simmonds (homme politique),,,,,,,http://www.marksimmonds.org,,,,,,,Category:Mark Simmonds,,,,,,,,,,,,,,,,,,,,,,,,,,,,,,,,,,,,,,,,,,,,,,,,,,,,,,,,,,,,,,,,,,,,,,,,,,,,,,,,,,,,,,,,,,,,,,,,,,,,,,,,,,,,,,,,,,,,,,,,,,,,,,,,,,,,,,,,,,,,,,,,,,,,,,,,,,,,,,,,,,,,,,,,,,,,,,,,,,,,,,,,,,,,,,,,,,,,,,,,,,,,,,,,,,,,,,,,,,,,,,,,,,,,,,,,,,,,,,,,,,,,,,,,,,,,,,,,,,,,,,,,,,,,,,,,,,,,,,,,,,,,,,,,,,,,,,,,,,,,,,,,,,,,,,,,,,,,,,,,,,,,,,,,,,,,,,,,,,,,,,,,,,,,,,,,,,,,,,,,,,,,,,,,,,,,,,,,,,,,,,,,,,,,,,,,,,,,,,,,,,,,,,,,,,,,,,,,,,,,,,,,,,,,,,,,,,,,,,,,,,,,,,,,,,,,,,,,,,,,,,,,,,,,,,,,,,,,,,,,,,,,,,,,,,,,,,,,,,,,,,,,,,,,,,,,,,,,,,,,,,,,,,,,,,,,,,,,,,,,,,,,,1393
Q4707031,Alan Keen,Alan Keen,Alan Keen,Alan Keen,Alan Keen,Alan Keen,Alan Keen,Alan Keen,Alan Keen,Alan Keen,Alan Keen,Alan Keen,1937-11-25,male,Alan,mr-alan-keen,politician,404,,,,,,,Alan Keen,,,,,,,Commons/member/169,Keen,AJroJEJ1,,,,,,,,,,,,,,,,,,,,,,,,,,,Alan_Keen,alan_keen/feltham_and_heston,,,,,,,,,,,,,,,,,,,,,,,,,,,,,,,,,,,,,,,,,,,,,,,,,,,,,,,,,,,,,,,,,,1253,25460,,,,,,,,,,,,,,,,,2011-11-10,,,,,,,,,,,,,,,,,,,,,,,,,,,,,,,,,,,,,,,,,,,,,,,,,,,,,,,,,,,,,,,,,,,,,,,,,,,,,,,,,,,,,,,,,,,,,,,,,,,,,,,,,,,,,,,,,,,,,,,,,,,,,,,,,,,,,,,,,,,,,,,,,,,,,,,,,,,,,,,,,,,,,,,,,,,,,,,,,,,,,,,,,,,,,,,,,,,,,,,,,,,,,,,,,,,,,,,,,,,,,,,,,,,,,,,,,,,,,,,,,,,,,,,,,,,,,,,,,,,,,,,,,,,,,,,,,,,,,,,,,,,,,,,,,,,,,,,,,,,,,,,,,,,,,,,,,,,,,,,,,,,,,,,,,,,,,,,,,,,,,,,,,,,,,,,,,,,,,,,,,,,,,,,,,,,,,,,,,,,,,,,,,,,,,,,,,,,,,,,,,,,,,,,,,,,,,,,,,,,,,,,,,,,,,,,,,,,,,,,,,,,,,,,,,,,,,,,,,,169
Q478319,Tom Harris,Tom Harris,Tom Harris,Tom Harris,Tom Harris,Tom Harris,Tom Harris,Tom Harris,Tom Harris,Tom Harris,Tom Harris,Tom Harris (British politician),1964-02-20,male,Tom,mr-tom-harris,politician,4616,,,,,,,Tom Harris,湯姆·哈里斯,,,,https://upload.wikimedia.org/wikipedia/commons/7/77/Tomharris_2.jpg,/m/028289,commons/mr-tom-harris/1418,Harris,5H7Hr0dU,Том Харрис,توم هاريس,توم هاريس,,1661,,,,,Thomas Harris (Politiker),,,,,,,,,1797152261520917180005,,,,Tom Harris,Tom Harris,,湯姆·哈里斯,,,,,,,,,,,,,,,,,,,,,,,,,,,,,,,,,,,,,,,,,,,,,,,,,,,,,,,,,,,,,,,,,,,,,,,,,,,,,,,,,,,,,,,,,,,,,,,,,,,,,,,,,,,,,,,,,,,,,,,,,,,,,,,,,,,,,,,,,,,,,,,,,,,,,,,,,,,,,,,,,,,,,,,,,,,,,,,,,,,,,,,,,,,,,,,,,,,,,,,,,,,,,,,,,,,,,,,,,,,,,,,,,,,,,,,,,,,,,,,,,,,,,,,,,,,,,,,,,,,,,,,,,,,,,,,,,,,,,,,,,,,,,,,,,,,,,,,,,,,,,,,,,,,,,,,,,,,,,,,,,,,,,,,,,,,,,,,,,,,,,,,,,,,,,,,,,,,,,,,,,,,,,,,,,,,,,,,,,,,,,,,,,,,,,,,,,,,,,,,,,,,,,,,,,,,,,,,,,,,,,,,,,,,,,,,,,,,,,,,,,,,,,,,,,,,,,,,,,,,,,,,,,,,,,,,,,,,,,,,,,,,,,,,,,,,,,,,,,,,,,,,,,,,,,,,,,,,,,,,,,,,,,,,,,,,,,,,,,,,,,,,,1418
Q478442,Alan Haselhurst,Alan Haselhurst,Alan Haselhurst,Alan Haselhurst,Alan Haselhurst,Alan Haselhurst,Alan Haselhurst,Alan Haselhurst,Alan Haselhurst,Alan Haselhurst,Alan Haselhurst,"Alan Haselhurst, Baron Haselhurst",1937-06-23,male,Alan,sir-alan-haselhurst,politician,338,,,,Alan Haselhurst,Alan Haselhurst,Alan Haselhurst,Alan Haselhurst,阿倫·哈瑟赫斯特,,,,https://upload.wikimedia.org/wikipedia/commons/3/38/Sir_Alan_in_2005.JPG,/m/025gpw,commons/sir-alan-haselhurst/43,Haselhurst,nEJw7rvg,,,,The Right Honourable,3742,,,,アラン・ヘイゼルハースト,,Alan Haselhurst,,,,,,,http://www.siralanhaselhurst.net,33945206,,nb90834916,0000 0000 4082 8559,Alan Haselhurst,Alan Haselhurst,,阿倫·哈瑟赫斯特,Alan_Haselhurst,alan_haselhurst,,,,,,,,,,,,,,,,,,,,,,,,,,,,,,,,,,,,,,,,,,,,,,,,,,,,,,,,,,,,,,,,,,,25174,,,,,,,,,,,,,,,,,,,,,,,,,,,,,,,,,,,,,,,,,,,,,,,,,,,,,,,,,,,,,,,,,,,,,,,,,,,,,,,,,,,,,,,,,,,,,,,,,,,,,,,,,,,,,,,,,,,,,,,,,,,,,,,,,,,,,,,,,,,,,,,,,,,,,,,,,,,,,,,,,,,,,,,,,,,,,,,,,,,,,,,,,,,,,,,,,,,,,,,,,,,,,,,,,,,,,,,,,,,,,,,,,,,,,,,,,,,,,,,,,,,,,,,,,,,,,,,,,,,,,,,,,,,,,,,,,,,,,,,,,,,,,,,,,,,,,,,,,,,,,,,,,,,,,,,,,,,,,,,,,,,,,,,,,,,,,,,,,,,,,,,,,,,,,,,,,,,,,,,,,,,,,,,,,,,,,,,,,,,,,,,,,,,,,,,,,,,,,,,,,,,,,,,,,,,,,,,,,,,,,,,,,,,,,,,,,,,,,,,,,,,,,,,,,,,,,,,,,,,,,,,,,,,,,,,,,,,43
Q478832,Laura Sandys,Laura Sandys,Laura Sandys,Laura Sandys,Laura Sandys,Laura Sandys,Laura Sandys,Laura Sandys,Laura Sandys,Laura Sandys,Laura Sandys,Laura Sandys,1964-06-05,female,Laura,,politician,,,,,Laura Sandys,Laura Sandys,Laura Sandys,Laura Sandys,,,,,https://upload.wikimedia.org/wikipedia/commons/1/1d/Laura_Sandys.jpg,/m/0cmr4l,commons/laura-sandys/4094,Sandys,hfX4Nlv3,,,,The Honourable,1903,,,,,,,,,,,,,,,,,,,,,,,,,,,,,,,,,,,,,,,,,,,,,,,,,,,,,,,,,,,,,,,,,,,,,,,,,,,,,,,,,,,,,,,,,,,,,,,,,,,,,,,,,,,,,,,,,,,,,,,,,,,,,,,,,,,,,,,,,,,,,,,,,,,,,,,,,,,,,,,,,,,,,,,,,,,,,,,,,,,,,,,,,,,,,,,,,,,,,,,,,,,,,,,,,,,,,,,,,,,,,,,,,,,,,,,,,,,,,,,,,,,,,,,,,,,,,,,,,,,,,,,,,,,,,,,,,,,,,,,,,,,,,,,,,,,,,,,,,,,,,,,,,,,,,,,,,,,,,,,,,,,,,,,,,,,,,,,,,,,,,,,,,,,,,,,,,,,,,,,,,,,,,,,,,,,,,,,,,,,,,,,,,,,,,,,,,,,,,,,,,,,,,,,,,,,,,,,,,,,,,,,,,,,,,,,,,,,,,,,,,,,,,,,,,,,,,,,,,,,,,,,,,,,,,,,,,,,,,,,,,,,,,,,,,,,,,,,,,,,,,,,,,,,,,,,,,,,,,,,,,,,,,,,,,,,,,,,,,,,,,,,,,,,,,,,,,,,,,,,,,,,,,4094
Q501089,Andrew Robathan,Andrew Robathan,Andrew Robathan,Andrew Robathan,Andrew Robathan,Andrew Robathan,Andrew Robathan,Andrew Robathan,Andrew Robathan,Andrew Robathan,Andrew Robathan,Andrew Robathan,1951-07-17,male,Andrew,mr-andrew-robathan,politician,575,,,Andrew Robathan,Andrew Robathan,,,Andrew Robathan,安德魯·羅巴森,,Andrew Robathan,,"https://upload.wikimedia.org/wikipedia/commons/4/4d/Andrew_Robathan,_Parliamentary_Under_Secretary_of_State_for_the_MOD.jpg",/m/029tcj,lords/lord-robathan/334,,oz9rAIcJ,,أندرو روباثان,أندرو روباثان,,1897,,,,アンドリュー・ロバサン,Andrew Robathan,,,,,,,,,1868151304647849460009,1147717273,,,,,Category:Andrew Robathan,,,,,,,,,,,,,,,,,,,,,,,,,,,,,,,,,,,,,,,,,,,,,,,,,,,,,,,,,,,,,,,,,,,,,,,,,,,,,,,,,,,,,,,,,,,,,,,,,,,,,,,,,,,,,,,,,,,,,,,,,,,,,,,,,,,,,,,Andrew Robathan,,,,,,,,,,,,,,,,,,,,,,,,,,,,,,,,,,,,,,,,,,,,,,,,,,,,,,,,,,,,,,,,,,,,,,,,,,,,,,,,,,,,,,,,,,,,,,,,,,,,,,,,,,,,,,,,,,,,,,,,,,,,,,,,,,,,,,,,,,,,,,,,,,,,,,,,,,,,,,,,,,,,,,,,,,,,,,,,,,,,,,,,,,,,,,,,,,,,,,,,,,,,,,,,,,,,,,,,,,,,,,,,,,,,,,,,,,,,,,,,,,,,,,,,,,,,,,,,,,,,,,,,,,,,,,,,,,,,,,,,,,,,,,,,,,,,,,,,,,,,,,,,,,,,,,,,,,,,,,,,,,,,,,,,,,,,,,,,,,,,,,,,,,,,,,,,,,,,,,,,,,,,,,,,,,,,,,,,,,,,,,,,,,,,,,,,,,,,,,,,,,,,,,,,,,334
Q5022974,Callum McCaig,Callum McCaig,Callum McCaig,Callum McCaig,Callum McCaig,Callum McCaig,Callum McCaig,Callum McCaig,Callum McCaig,Callum McCaig,Callum McCaig,Callum McCaig,1985-01-06,male,Callum,,politician,,,,Callum McCaig,,,,Callum McCaig,卡倫·麥克格,,Callum McCaig,,https://upload.wikimedia.org/wikipedia/commons/1/16/Callum_McCaig_(SNP).jpg,/m/0k0q_yb,commons/callum-mccaig/4364,McCaig,8jCFvm3K,,,,,6043,,,,,Callum McCaig,,,,,,callum_mccaig,CallumMcCaigSNP,,,,,,,,,卡倫·麥克格,,25400/callum_mccaig/aberdeen_south,,Callum McCaig,,,,,,,,,,,,,,,,,,,,,,,,,,,,,,,,,,,,,,,,,,,,,,,,,,,,,,,,,,,,Callum McCaig,,,,,121922,,,,,,,,,,,,,,,,,,,,,,,,,,,,,,,,,,,,,,,,,කැලම් මකේග්,කැලම් මකේග්,,,,,,,,,,,,,,,,,,,,,,,,,,,,,,,,,,,,,,,,,,,,,,,,,,,,,,,,,,,,,,,,,,,,,,,,,,,,,,,,,,,,,,,,,,,,,,,,,,,,,,,,,,,,,,,,,,,,,,,,,,,,,,,,,,,,,,,,,,,,,,,,,,,,,,,,,,,,,,,,,,,,,,,,,,,,,,,,,,,,,,,,,,,,,,,,,,,,,,,,,,,,,,,,,,,,,,,,,,,,,,,,,,,,,,,,,,,,,,,,,,,,,,,,,,,,,,,,,,,,,,,,,,,,,,,,,,,,,,,,,,,,,,,,,,,,,,,,,,,,,,,,,,,,,,,,,,,,,,,,,,,,,,,,,,,,,,,,,,,,,,,,,,,,,,,,,,,,,,,,,,,,,,,,,,,,,,,,,,,,,,,,,,,,,,,,,,,,,,,,,,,,,,,,,,,,,,,,,,,,,,,,,,,,,,,,,4364
Q5261951,Derek Fatchett,Derek Fatchett,Derek Fatchett,Derek Fatchett,Derek Fatchett,Derek Fatchett,Derek Fatchett,Derek Fatchett,Derek Fatchett,Derek Fatchett,Derek Fatchett,Derek Fatchett,1945-08-22,male,Derek,mr-derek-fatchett,politician,75,,,,,,,Derek Fatchett,格雷特·法切特,,,,,,,,,,,,The Right Honourable,,,,,,,,,,,,,,,35902873,,n85258946,0000 0000 8440 8265,,,,,,,,,,,,,,,,,,,,,,,,,,,,,,,,,,,,,,,,,,,,,,,,,,,,,,,,,,,,,,,,,,,,,,,074985426,,,,,,,,,,,,,,,,,,,1999-05-09,,,,,,,,,,,,,,,,,,,,,,,,,,,,,,,,,,,,,,,,,,,,,,,,,,,,,,,,,,,,,,,,,,,,,,,,,,,,,,,,,,,,,,,,,,,,,,,,,,,,,,,,,,,,,,,,,,,,,,,,,,,,,,,,,,,,,,,,,,,,,,,,,,,,,,,,,,,,,,,,,,,,,,,,,,,,,,,,,,,,,,,,,,,,,,,,,,,,,,,,,,,,,,,,,,,,,,,,,,,,,,,,,,,,,,,,,,,,,,,,,,,,,,,,,,,,,,,,,,,,,,,,,,,,,,,,,,,,,,,,,,,,,,,,,,,,,,,,,,,,,,,,,,,,,,,,,,,,,,,,,,,,,,,,,,,,,,,,,,,,,,,,,,,,,,,,,,,,,,,,,,,,,,,,,,,,,,,,,,,,,,,,,,,,,,,,,,,,,,,,,,,,,,,,,,,,,,,,,,,,,,,,,,,,,,,,,,,,,,,,,,,,,,,,,,,,,,,,,,
Q5610671,Iain Coleman,Iain Coleman,Iain Coleman,Iain Coleman,Iain Coleman,Iain Coleman,Iain Coleman,Iain Coleman,Iain Coleman,Iain Coleman,Iain Coleman,Iain Coleman,1958-01-18,male,Iain,mr-iain-coleman,politician,205,,,,,,,,伊恩·科爾曼,,,Iain Coleman,,,,Coleman,,,لاين كولمان,لاين كولمان,,,,,,,,,,,,,,,,,,,,,,,,,,,,,,,,,,,,,,,,,,,,,,,,,,,,,,,,,,,,,,,,,,,,,,,,,,,,,,,,,,,,,,,,,,,,,,,,,,,,,,,,,,,,,,,,,,,,,,,,,,,,,,,,,,,,,,,,,,,,,,,,,,,,,,,,,,,,,,,,,,,,,,,,,,,,,,,,,,,,,,,,,,,,,,,,,,,,,,,,,,,,,,,,,,,,,,,,,,,,,,,,,,,,,,,,,,,,,,,,,,,,,,,,,,,,,,,,,,,,,,,,,,,,,,,,,,,,,,,,,,,,,,,,,,,,,,,,,,,,,,,,,,,,,,,,,,,,,,,,,,,,,,,,,,,,,,,,,,,,,,,,,,,,,,,,,,,,,,,,,,,,,,,,,,,,,,,,,,,,,,,,,,,,,,,,,,,,,,,,,,,,,,,,,,,,,,,,,,,,,,,,,,,,,,,,,,,,,,,,,,,,,,,,,,,,,,,,,,,,,,,,,,,,,,,,,,,,,,,,,,,,,,,,,,,,,,,,,,,,,,,,,,,,,,,,,,,,,,,,,,,,,,,,,,,,,,,,,,,,,,,,,,,,,,,,,,,,,,,,,,,,,,,
Q574980,Jacob Rees-Mogg,Jacob Rees-Mogg,Jacob Rees-Mogg,Jacob Rees-Mogg,Jacob Rees-Mogg,Jacob Rees-Mogg,Jacob Rees-Mogg,Jacob Rees-Mogg,Jacob Rees-Mogg,Jacob Rees-Mogg,Jacob Rees-Mogg,Jacob Rees-Mogg,1969-05-24,male,Jacob,,politician,,,,Jacob Rees-Mogg,Jacob Rees-Mogg,Jacob Rees-Mogg,Jacob Rees-Mogg,Jacob Rees-Mogg,雅各·里斯-莫格,,Jacob Rees-Mogg,Jacob Rees-Mogg,https://upload.wikimedia.org/wikipedia/commons/9/9f/Official_portrait_of_Mr_Jacob_Rees-Mogg_crop_2_(cropped).jpg,/m/0gd_l6,commons/mr-jacob-rees-mogg/4099,,7syCchhA,"Рис-Могг, Джейкоб",,,The Honourable,1612,,,Jacob Rees-Mogg,ジェイコブ・リーズ＝モッグ,Jacob Rees-Mogg,Jacob Rees-Mogg,,,"Рис-Могг, Джейкоб",,Jacob_Rees_Mogg,JacobReesMogg,http://www.jacobreesmogg.com/,305856780,1150876352,nb2013025670,0000 0004 2337 6617,Jacob Rees-Mogg,Jacob Rees-Mogg,Category:Jacob Rees-Mogg,雅各·里斯-莫格,,jacob_rees-mogg,Jacob Rees-Mogg,Jacob Rees-Mogg,,,,Jacob Rees-Mogg,Jacob Rees-Mogg,Jacob Rees-Mogg,Jacob Rees-Mogg,Jacob Rees-Mogg,Jacob Rees-Mogg,Jacob Rees-Mogg,Jacob Rees-Mogg,Jacob Rees-Mogg,Jacob Rees-Mogg,Jacob Rees-Mogg,Jacob Rees-Mogg,Jacob Rees-Mogg,Jacob Rees-Mogg,Jacob Rees-Mogg,Jacob Rees-Mogg,Jacob Rees-Mogg,Jacob Rees-Mogg,Jacob Rees-Mogg,Jacob Rees-Mogg,Jacob Rees-Mogg,Jacob Rees-Mogg,,Jacob Rees-Mogg,Jacob Rees-Mogg,Jacob Rees-Mogg,Jacob Rees-Mogg,Jacob Rees-Mogg,Jacob Rees-Mogg,Jacob Rees-Mogg,Jacob Rees-Mogg,Jacob Rees-Mogg,Jacob Rees-Mogg,,Jacob Rees-Mogg,Jacob Rees-Mogg,Jacob Rees-Mogg,Jacob Rees-Mogg,Jacob Rees-Mogg,Jacob Rees-Mogg,Jacob Rees-Mogg,Jacob Rees-Mogg,Jacob Rees-Mogg,Jacob Rees-Mogg,Jacob Rees-Mogg,,Jacob Rees-Mogg,Jacob Rees-Mogg,Jacob Rees-Mogg,Jacob Rees-Mogg,Jacob Rees-Mogg,Jacob Rees-Mogg,Jacob Rees-Mogg,Jacob Rees-Mogg,,ג'ייקוב ריס-מוג,,Jacob Rees-Mogg,,,5628,42117,,,,,,,Jacob Rees-Mogg,Jacob Rees-Mogg,Jacob Rees-Mogg,,mp161388,جیکاب ریس-ماگ,Jacob Rees-Mogg,,,,,,,Jacob Rees-Mogg,,,,Jacob Rees-Mogg,,,jacob-rees-mogg,,,,,Jacob Rees-Mogg,,,,,,,,,,,,,,,,,,,Jacob Rees-Mogg,,جیکاب ریس-ماگ,Jacob Rees-Mogg,,,,,Jacob Rees-Mogg,Jacob Rees-Mogg,,Jacob Rees-Mogg,,,Jacob Rees-Mogg,,,,,,,,,,,Jacob Rees-Mogg,Jacob Rees-Mogg,,,,,,,,,,,,,,,,Jacob Rees-Mogg,Jacob Rees-Mogg,ג'ייקוב ריס-מוג,,,,,Jacob Rees-Mogg,,,,,,Rees-Mogg-1,,,,,,,,,,,,,Jacob Rees-Mogg,,,,,,,,,,,,,,,,,,,,,,,,,,,,,,,,,,,,,,,,Jacob Rees-Mogg,,,,Jacob Rees-Mogg,,,,,,,,,,,,,,,,,,,,,,,,,,,,,,,,,,,,Jacob Rees-Mogg,,,,,,,,,,,,,,,,,,,,,,,,,,,,,,,,,,,,,,,,,,Jacob Rees-Mogg,,,,,,,,,,,,,,,,,,,,,,,,,,Jacob Rees-Mogg,,,,,,,,,Jacob Rees-Mogg,,,,,,,,,,,,,,,,,,,,,,,,,,,,,,,,,,,,,,,,,Jacob Rees-Mogg,Jacob Rees-Mogg,Jacob Rees-Mogg,,,,,,,,,,,,,,,,,,,,,,,,,,,,,,,,,,,,,,,,,,,,,,,,,,,,,,,,,,,,,,,,,,,,,,,,,,,,,,,,,,,,,,,,,,,,,,,,,,,,,,,,,,,,,,,,,,,,,,,,,,,,,,,,,,,,,,,,,,,,,,,,,,,,,,,,,,,,4099
Q577024,Jesse Norman,Jesse Norman,Jesse Norman,Jesse Norman,Jesse Norman,Jesse Norman,Jesse Norman,Jesse Norman,Jesse Norman,Jesse Norman,Jesse Norman,Jesse Norman,1962-06-23,male,Jesse,,politician,,,,,,,,,傑西·諾曼,,,,https://upload.wikimedia.org/wikipedia/commons/b/bd/Official_portrait_of_Jesse_Norman_crop_2.jpg,/m/0f3qg5,commons/jesse-norman/3991,Norman,m3Dx06Vx,,جيسي نورمان,جيسي نورمان,,3417,,,,ジェス・ノーマン,Jesse Norman,Jesse Norman,,,,,Jesse_Norman,jesse.norman.hereford,http://www.jessenorman.com/,51821657,1036480690,n94044616,0000 0001 0900 9878,,,,傑西·諾曼,Jesse_Norman,jesse_norman,,,,,,,,,,,,,,,,,,,,,,,,,,,,,,,,,,,,,,,,,,,,,,,,,,,,,,,,,,,,,,,Jesse Norman,,115125361,,,,,,,,,Jesse Norman,,,,,,,,,,,,,,,,,,,,,,,,,,,,,,,,jesse-norman,,,,,,,,,,,,,,,,,,,,,,,,,,,,,,,,,,,,,,,,,,,,,,,,,,,,,,,,,,,,,,,,,,,,,,,,,,,,,,,,,,,,,,,,,,,,,,,,,,,,,,,,,,,,,,,,,,,,,,,,,,,,,,,,,,,,,,,,,,,,,,,,,,,,,,,,,,,,,,,,,,,,,,,,,,,,,,,,,,,,,,,,,,,,,,,,,,,,,,,,,,,,,,,,,,,,,,,,,,,,,,,,,,,,,,,,,,,,,,,,,,,,,,,,,,,,,,,,,,,,,,,,,,,,,,,,,,,,,,,,,,,,,,,,,,,,,,,,,,,,,,,,,,,,,,,,,,,,,,,,,,,,,,,,,,,,,,,,,,,,,,,,,,,,,,,,,,,,,,,,,,,,,,,,,,,,,,,,,,,,,,,,,,,,,,,,,,,,,,,,,,,,,,,,,,,,,,,,,,,,,,,,,,,,,,,,,,,,3991
Q580847,Nigel Mills,Nigel Mills,Nigel Mills,Nigel Mills,Nigel Mills,Nigel Mills,Nigel Mills,Nigel Mills,Nigel Mills,Nigel Mills,Nigel Mills,Nigel Mills,1974-10-28,male,Nigel,,politician,,,,,,,,,奈傑爾·米爾斯,,,,https://upload.wikimedia.org/wikipedia/commons/3/33/Official_portrait_of_Nigel_Mills_crop_3.jpg,/m/0bwj88x,commons/nigel-mills/4136,Mills,1E9WUKmp,,نايجل ميلز,نايجل ميلز,,1016,,,,ナイジェル・ミルズ,Nigel Mills,,,,,,NigelMillsMP,nigelmillsmp,,,,,,,,,奈傑爾·米爾斯,Nigel_Mills,nigel_mills,,,,,,,,,,,,,,,,,,,,Nigel Mills,,,,,,,,,,,,,,,,,,,,,,,,,,,,,,,,,,,,,,,,,,,,,,,,,,,,,,,,,,,نایجل میلز,,,,,,,,Nigel Mills,,,,,,,,,,,,,,,,,,,,,,,,,,,,,,,,,,,,,,,,,,,,,,,,,,,,,,,,,,,,,,,,,,,,,,,,,,,,,,,,,,,,,,,,,,,,,,,,,,,,,,,,,,,,,,,,,,,,,,,,,,,,,,,,,,,,,,,,,,,,,,,,,,,,,,,,,,,,,,,,,,,,,,,,,,,,,,,,,,,,,,,,,,,,,,,,,,,,,,,,,,,,,,,,,,,,,,,,,,,,,,,,,,,,,,,,,,,,,,,,,,,,,,,,,,,,,,,,,,,,,,,,,,,,,,,,,,,,,,,,,,,,,,,,,,,,,,,,,,,,,,,,,,,,,,,,,,,,,,,,,,,,,,,,,,,,,,,,,,,,,,,,,,,,,,,,,,,,,,,,,,,,,,,,,,,,,,,,,,,,,,,,,,,,,,,,,,,,,,,,,,,,,,,,,,,,,,,,,,,,,,,,,,,,,,,,,,,,,,,,,,,,,,,,,,,,,,,4136
Q584320,Anne McGuire,Anne McGuire,Anne McGuire,Anne McGuire,Anne McGuire,Anne McGuire,Anne McGuire,Anne McGuire,Anne McGuire,Anne McGuire,Anne McGuire,Anne McGuire,1949-05-26,female,Anne,mrs-anne-mcguire,politician,491,,,,,,,Anne McGuire,,,,,https://upload.wikimedia.org/wikipedia/commons/2/2a/AnneMcGuireMPPortrait.jpg,/m/0282w1,commons/mrs-anne-mcguire/636,McGuire,wK9hJmCP,,,,,3391,,,,,Anne McGuire,,,,,,,,http://www.annemcguiremp.org.uk/,,,,,,,Category:Anne McGuire,,,,,,,,,,,,,,,,,,,,,,,,,,,,,,,,,,,,,,,,,,,,,,,,,,,,,,,,,,,,,,,,,,,,,,,,,安妮·麥圭爾,,安妮·麦圭尔,,,,,,,,,,,,,,,,,,,,,,,,,,,,,,,,,,,,,,,,,,,,,,,,,,,,,,,,,,,,,,,,,,,,,,,,,,,,,,,,,,,,,,,,,,,,,,,,,,,,,,,,,,,,,,,,,,,,,,,,,,,,,,,,,,,,,,,,,,,,,,,,,,,,,,,,,,,,,,,,,,,,,,,,,,,,,,,,,,,,,,,,,,,,,,,,,,,,,,,,,,,,,,,,,,,,,,,,,,,,,,,,,,,,,,,,,,,,,,,,,,,,,,1a9e82ab-ef75-4b57-9bb4-4981ee0933c6,,,,,,,,,,,,,,,,,,,,,,,,,,,,,,,,,,,,,,,,,,,,,,,,,,,,,,,,,,,,,,,,,,,,,,,,,,,,,,,,,,,,,,,,,,,,,,,,,,,,,,,,,,,,,,,,,,,,,,,,,,,,,,,,,,,,,,,,,,,,,,,,,,,,,,,,,,,,,,,,,,,,,,,,,,,,,,,,,,,,,,,,,,,,,,,,,,,,,,,,,,,,,,,,,,,,,,,,,,,,,,,,636
Q6790594,Matthew Green,Matthew Green,Matthew Green,Matthew Green,Matthew Green,Matthew Green,Matthew Green,Matthew Green,Matthew Green,Matthew Green,Matthew Green,Matthew Green (British politician),1970-04-12,male,Matthew,mr-matthew-green,politician,4529,,,,Matthew Green,Matthew Green,Matthew Green,,,,,,,,,Green,,Мэттью Грин,ماثيو غرين,ماثيو غرين (سياسي),,,,,,,,,,,,,,,,,,,,,,,,,,,,,,,,,,,,,,,,,,,,,,,,,,,,,,,,,,,,,,,,,,,,,,,,,,,,,,,,,,,,,,,,,,,,,,,,,,,,,,,,متیو گرین,,,,,,,,,,,,,,,,,,,,,,,,,,,,,,,,,,,,,,,,,,,,,,,,,,,,,,,,,,,,,,,,,,,,,,,,,,,,,,,,,,,,,,,,,,,,,,,,,,,,,,,,,,,,,,,,,,,,,,,,,,,,,,,,,,,,,,,,,,,,,,,,,,,,,,,,,,,,,,,,,,,,,,,,,,,,,,,,,,,,,,,,,,,,,,,,,,,,,,,,,,,,,,,,,,,,,,,,,,,,,,,,,,,,,,,,,,,,,,,,,,,,,,,,,,,,,,,,,,,,,,,,,,,,,,,,,,,,,,,,,,,,,,,,,,,,,,,,,,,,,,,,,,,,,,,,,,,,,,,,,,,,,,,,,,,,,,,,,,,,,,,,,,,,,,,,,,,,,,,,,,,,,,,,,,,,,,,,,,,,,,,,,,,,,,,,,,,,,,,,,,,,,,,,,,,,,,,,,,,,,,,,,,,,,,,,,,,,,,,,,,,,,,,,,,,,,,,,,,,,,,,
Q682694,Julie Kirkbride,Julie Kirkbride,Julie Kirkbride,Julie Kirkbride,Julie Kirkbride,Julie Kirkbride,Julie Kirkbride,Julie Kirkbride,Julie Kirkbride,Julie Kirkbride,Julie Kirkbride,Julie Kirkbride,1960-06-05,female,Julie,miss-julie-kirkbride,politician,419,,Iulia Kirkbride,Julie Kirkbride,Julie Kirkbride,Julie Kirkbride,Julie Kirkbride,,茱莉·柯克布賴德,Iulia Kirkbride,Julie Kirkbride,,,/m/0277t8,,Kirkbride,,,,,,,,,,,,Julie Kirkbride,,,,,,,,,,,,,,,,Julie_Kirkbride,julie_kirkbride,,,,,,,,,,,,,,,,,,,,,,,,,,,,,,,,,,,,,,,,,,,,,,,,,,,,,,,,,,,,,,,,,,,,,,朱莉·科克布萊德,,朱莉·科克布莱德,,,,,,,,,,,,,,,,,,,,,,,,,,,,,,,,,,,,,,,,,,,,,,,,,,,,,,,,,,,,,,,,,,,,,,,,,,,,,,,,,,,,,,,,,,,,,,,,,,,,,,,,,,,,,,,,,,,,,,,,,,,,,,,,,,,,,,,,,,,,,,,,,,,,,,,,,,,,,,,,,,,,,,,,,,,,,,,,,,,,,,,,,,,,,,,,,,,,,,,,,,,,,,,,,,,,,,,,,,,,,,,,,,,,,,,,,,,,,,,,,,,,,,,,,,,,,,,,,,,,,,,,,,,,,,,,,,,,,,,,,,,,,,,,,,,,,,,,,,,,,,,,,,,,,,,,,,,,,,,,,,,,,,,,,,,,,,,,,,,,,,,,,,,,,,,,,,,,,,,,,,,,,,,,,,,,,,,,,,,,,,,,,,,,,,,,,,,,,,,,,,,,,,,,,,,,,,,,,,,,,,,,,,,,,,,,,,,,,,,,,,,,,,,,,,,,,,,,,,,,,,,,,,,,,,
Q6834367,Michael Shersby,Michael Shersby,Michael Shersby,Michael Shersby,Michael Shersby,Michael Shersby,Michael Shersby,Michael Shersby,Michael Shersby,Michael Shersby,Michael Shersby,Michael Shersby,1933-02-17,male,Michael,mr-michael-shersby,politician,72,,,,Michael Shersby,Michael Shersby,Michael Shersby,,,,,,,,,,,,,,,,,,,マイケル・シャーズビー,,,,,,,,,,,,,,,,,,,,,,,,,,,,,,,,,,,,,,,,,,,,,,,,,,,,,,,,,,,,,,,,,,,,,,,,,,,,,,,,,,,,,,,,,,,,,,,,,,,,,,,1997-05-08,,,,,,,,,,,,,,,,,,,,,,,,,,,,,,,,,,,,,,,,,,,,,,,,,,,,,,,,,,,,,,,,,,,,,,,,,,,,,,,,,,,,,,,,,,,,,,,,,,,,,,,,,,,,,,,,,,,,,,,,,,,,,,,,,,,,,,,,,,,,,,,,,,,,,,,,,,,,,,,,,,,,,,,,,,,,,,,,,,,,,,,,,,,,,,,,,,,,,,,,,,,,,,,,,,,,,,,,,,,,,,,,,,,,,,,,,,,,,,,,,,,,,,,,,,,,,,,,,,,,,,,,,,,,,,,,,,,,,,,,,,,,,,,,,,,,,,,,,,,,,,,,,,,,,,,,,,,,,,,,,,,,,,,,,,,,,,,,,,,,,,,,,,,,,,,,,,,,,,,,,,,,,,,,,,,,,,,,,,,,,,,,,,,,,,,,,,,,,,,,,,,,,,,,,,,,,,,,,,,,,,,,,,,,,,,,,,,,,,,,,,,,,,,,,,,,,,,,,,
Q728167,David Jones,David Jones,David Jones,David Jones,David Jones,David Jones,David Jones,David Jones,David Jones,David Jones,David Jones,David Jones (Clwyd West MP),1952-03-22,male,David,mr-david-jones-2,politician,9486,,,David Jones,David Jones,David Jones,David Jones,David Jones,大衛·瓊斯,,,David Jones (politiker),https://upload.wikimedia.org/wikipedia/commons/0/0a/Official_portrait_of_Mr_David_Jones_crop_2.jpg,/m/062q_3,commons/mr-david-jones/1502,Jones,wr73COQ7,Дэвид Джонс,دايفيد جونز,ديفيد جونز (سياسي بريطاني),,3151,,,David Jones,,,David Jones (politique),,,"Джонс, Дэвид Иан",,DavidJonesMP,,http://www.davidjones-mp.com/,,,,,David Jones,David Jones,Category:David Jones (UK politician),大衛·瓊斯 (政治人物),David_Jones,david_jones,David Jones,David Jones,,,,David Jones,David Jones,David Jones,David Jones,David Jones,David Jones,David Jones,David Jones,David Jones,David Jones,David Jones,David Jones,David Jones,David Jones,David Jones,David Jones,David Jones,David Jones,David Jones,David Jones,David Jones,David Jones,David Jones,David Jones,David Jones,David Jones,David Jones,David Jones,David Jones,David Jones,David Jones,David Jones,David Jones,,David Jones,David Jones,David Jones,David Jones,David Jones,David Jones,David Jones,David Jones,David Jones,David Jones,David Jones,David Jones,David Jones,David Jones,David Jones,David Jones,David Jones,David Jones,David Jones,David Jones,,,David Jones (gwleidydd Cymreig),,,,4792,31694,,,,,,,,David Jones (polityk),,,,دیوید جونز,,,,,,,,,,,,,,4467,,,,,,,,,,,,ডেভিড জোন্স,david-jones,,,,,,,,,,,,,,,,,,,,,,,,,,,,,,,,,,,,,,,,,,,,,,,,,,,,,,,,,,,,,,,,,,,,,,,,,,,,,,,,,,,,,,,,,,,,,,,,,,,,,,,,,,,,,,,,,,,,,,,,,,,,,,,,,,,,,,,,,,,,,,,,,,,,,,,,,,,,,,,,,,,,,,,,,,,,,,,,,,,,,,,,,,,,,,,,,,,,,,,,,,,,,,,,,,,,,,,,,,,,,,,,,,,,,,,,,,,,,,,,,,,,,,,,,,,,,,,,,,,,,,,,,,,,,,,,,,,,,,,,,,,,,,,,,,,,,,,,,,,,,,,,,,,,,,,,,,,,,,,,,,,,,,,,,,,,,,,,,,,,,,,,,,,,,,,,,,,,,,,,,,,,,,,,,,,,,,,,,,,,,,,,,,,,,,,,,,,,,,,,,,,,,,,,,,,,,,,,,,,,,,,,,,,,,,,,,,,,1502
Q749793,Charlotte Leslie,Charlotte Leslie,Charlotte Leslie,Charlotte Leslie,Charlotte Leslie,Charlotte Leslie,Charlotte Leslie,Charlotte Leslie,Charlotte Leslie,Charlotte Leslie,Charlotte Leslie,Charlotte Leslie,1978-08-11,female,Charlotte,,politician,,,,,,,,Charlotte Leslie,,,,,,/m/02qkjf3,commons/charlotte-leslie/3933,Leslie,01DLa1vQ,Шарлотта Лесли,,,,1152,,,,,,,,,,,CharlotteLeslie,CharlotteLeslieMP,http://www.charlotteleslie.com/,,,,,,,,,Charlotte_Leslie,charlotte_leslie,,,,,,,,,,,,,,,,,,,,,,,,,,,,,,,,,,,,,,,,,,,,,,,,,,,,,,,,,,,,,,,,,,,,,,,,,,,,,,,,,,,,,,,,,,,,,,,,,,,,,,,,,,charlotte-leslie,,,,,,,,,,,,,,,,,,,,,,,,,,,,,,,,,,,,,,,,,,,,,,,,,,,,,,,,,,,,,,,,,,,,,,,,,,,,,,,,,,,,,,,,,,,,,,,,,,,,,,,,,,,,,,,,,,,,,,,,,,,,,,,,,,,,,,,,,,,,,,,,,,,,,,,,,,,,,,,,,,,,,,,,,,,,,,,,,,,,,,,,,,,,,,,,,,,,,,,,,,,,,,,,,,,,,,,,,,,,,,,,,,,,,,,,,,,,,,,,,,,,,,,,,,,,,,,,,,,,,,,,,,,,,,,,,,,,,,,,,,,,,,,,,,,,,,,,,,,,,,,,,,,,,,,,,,,,,,,,,,,,,,,,,,,,,,,,,,,,,,,,,,,,,,,,,,,,,,,,,,,,,,,,,,,,,,,,,,,,,,,,,,,,,,,,,,,,,,,,,,,,,,,,,,,,,,,,,,,,,,,,,,,,,,,,,,,,3933
Q749980,Edward Leigh,Edward Leigh,Edward Leigh,Edward Leigh,Edward Leigh,Edward Leigh,Edward Leigh,Edward Leigh,Edward Leigh,Edward Leigh,Edward Leigh,Edward Leigh,1950-07-20,male,Edward,mr-edward-leigh,politician,427,,Eduardus Leigh,Edward Leigh,Edward Leigh,Edward Leigh,Edward Leigh,Edward Leigh,愛德華·李,Eduardus Leigh,Edward Leigh,,https://upload.wikimedia.org/wikipedia/commons/3/3e/Official_portrait_of_Sir_Edward_Leigh_crop_2.jpg,/m/027c6q,commons/sir-edward-leigh/345,Leigh,UsvSyiqC,,إدوارد لي,إدوارد لي (سياسي),,3556,,,,エドワード・リー,Edward Leigh,Edward Leigh,,,,,EdwardLeighMP,,http://www.edwardleigh.org.uk/,43134208,,n80047234,0000 0000 8446 2712,,Edward Leigh,Category:Edward Leigh,愛德華·李,,,,,Edward Leigh,,6670,,,,,,,,,,,,Edward Leigh,,,,,,,,,,,,,,,,,,,,,,,,,,,,,,,,,,,,,,,,,,,,,,,,,,,,,,,,,,,,,,ادوارد لی,,,,,,,,,,,,,,,,,,,,Edward Leigh (politico),,,,,,,,,,,,,,,,,,,Edward Leigh,,,,,,,,,,,,,,,,,,,,,,,,,,,,,,,,,,,,,,,,,,,,,,,,,,,,,,,,,,,,,,,,,,,,,,,,,,,,,,,,,,,,,,,,,,,,,,,,,,,,,,,,,,,,,,,,,,,,,,,,,,,,,,,,,,,,,,,,,,,,,,,,,,,,,,,,,,,,,,,,,,,,,,,,,,,,,,,,,,,,,,,,,,,,,,,,,,,,,,,,,,,,,,,,,,,,,,,,,,,,,,,,,,,,,,,,,,,,,,,,,,,,,,,,,,,,,,,,,,,,,,,,,,,,,,,,,,,,,,,,,,,,,,,,,,,,,,,,,,,,,,,,,,,,,,,,,,,,,,,,,,,,,,,,,,,,,,,,,,,,,,,,,,,,,,,,,,,,,,,,,,,,,,,,,,,,,,,,,,,,,,,,,,,,,,,,,,,,,,,,,,,,,,,,,,,,,,,,,,,,,,,,345
